9911,28716,306,0,"2019-10-09 13:49:56.690","2019-10-09 14:37:43.717",0,0,B41ED604-D213-452C-9431-84ACC866ECCB,0,0,06,015930019,01,00001
31976,28668,603,0,"2019-10-09 11:46:57.170","2019-10-09 13:56:54.647",0,0,98A54BCD-3018-42BF-B43D-CAF08A0EE6D8,1,0,15,015929238,01,00006
31976,28778,105,,"2019-10-09 14:43:23.463",,,,A0288D6A-BE5B-4A88-9445-C069B94BB132,,,15,015930512,01,00001
9633,28788,501,0,"2019-10-09 14:15:16.537","2019-10-09 15:05:26.910",0,0,D748C2B8-6FEB-497C-87A6-DF46A0742991,0,0,35,015930917,01,00002
9633,28707,604,0,"2019-10-09 11:31:45.107","2019-10-09 12:08:26.473",0,0,F1BE8EA0-A986-434B-BDE8-C85EA203C61B,0,0,02,015929559,01,00002
9911,28667,501,0,"2019-10-09 11:30:31.777","2019-10-09 12:29:13.803",0,0,74048EC8-07BD-4CFF-A947-DA994E93AA54,0,0,33,015911832,01,00009
31976,28668,603,0,"2019-10-09 11:46:57.170","2019-10-09 13:56:54.647",0,0,98A54BCD-3018-42BF-B43D-CAF08A0EE6D8,1,0,07,015929395,01,00002
1397,28671,101,0,"2019-10-09 12:01:35.717","2019-10-09 13:42:19.210",0,0,C9947C7D-3F1F-4B54-B9DC-313C7EF29385,0,0,11,015928881,01,00001
9633,28788,501,0,"2019-10-09 14:15:16.537","2019-10-09 15:05:26.910",0,0,D748C2B8-6FEB-497C-87A6-DF46A0742991,0,0,29,015930791,01,00001
1397,28671,101,0,"2019-10-09 12:01:35.717","2019-10-09 13:42:19.210",0,0,C9947C7D-3F1F-4B54-B9DC-313C7EF29385,0,0,03,015929393,01,00001
10155,28706,505,0,"2019-10-09 12:14:48.137","2019-10-09 13:45:34.450",0,0,A02498B0-2816-49D0-A79D-586FB9891748,0,0,37,015928705,01,00001
10155,28767,403,0,"2019-10-09 13:46:55.847","2019-10-09 14:41:07.507",0,0,9E3AB940-D477-4B30-9F29-15F0BB9F295C,0,0,36,015930176,02,00001
9911,28667,501,0,"2019-10-09 11:30:31.777","2019-10-09 12:29:13.803",0,0,74048EC8-07BD-4CFF-A947-DA994E93AA54,0,0,35,015928682,01,00003
2121,28731,114,,"2019-10-09 12:21:26.040",,,,00458863-54DF-4563-9B17-FC473DC0B17D,,,05,015930129,01,00001
31976,28766,308,0,"2019-10-09 13:57:46.993","2019-10-09 14:42:11.610",0,0,8158AB51-467E-47FE-9D1C-54D09E934B0D,0,0,07,015930392,01,00001
10235,28710,602,1,"2019-10-09 11:49:24.393","2019-10-09 13:06:59.737",0,0,0DD7C714-A24A-4376-A838-FD4A5B2412B6,0,0,17,015929829,01,00009
9633,28788,501,0,"2019-10-09 14:15:16.537","2019-10-09 15:05:26.910",0,0,D748C2B8-6FEB-497C-87A6-DF46A0742991,0,0,17,015930893,01,00003
9911,28716,306,0,"2019-10-09 13:49:56.690","2019-10-09 14:37:43.717",0,0,B41ED604-D213-452C-9431-84ACC866ECCB,0,0,17,015930010,01,00001
9911,28789,103,,"2019-10-09 14:37:50.967",,,,9AFC4642-34F2-481B-B142-BE576C663D75,,,25,015930766,01,00002
31976,28668,603,0,"2019-10-09 11:46:57.170","2019-10-09 13:56:54.647",0,0,98A54BCD-3018-42BF-B43D-CAF08A0EE6D8,1,0,11,015929217,01,00002
2121,28670,115,,"2019-10-09 13:53:23.783",,,,962B0050-4A0F-4131-8FAE-B6D0B2DB9982,,,33,015911808,01,00013
1397,28671,101,0,"2019-10-09 12:01:35.717","2019-10-09 13:42:19.210",0,0,C9947C7D-3F1F-4B54-B9DC-313C7EF29385,0,0,09,015929126,01,00001
1438,28672,103,0,"2019-10-09 12:01:05.937","2019-10-09 12:42:55.267",0,0,B224AD0F-2BA8-4410-908A-BC1D8D7958CD,0,0,04,015929199,02,00001
31976,28668,603,0,"2019-10-09 11:46:57.170","2019-10-09 13:56:54.647",0,0,98A54BCD-3018-42BF-B43D-CAF08A0EE6D8,1,0,13,015928873,01,00011
1438,28714,304,0,"2019-10-09 12:43:02.923","2019-10-09 13:36:45.890",0,0,F744EFB2-A030-4168-B23E-2298D7628BA8,0,0,23,015929383,01,00003
10155,28767,403,0,"2019-10-09 13:46:55.847","2019-10-09 14:41:07.507",0,0,9E3AB940-D477-4B30-9F29-15F0BB9F295C,0,0,11,015929978,02,00001
9633,28788,501,0,"2019-10-09 14:15:16.537","2019-10-09 15:05:26.910",0,0,D748C2B8-6FEB-497C-87A6-DF46A0742991,0,0,33,015930872,01,00006
4020,28709,502,0,"2019-10-09 11:12:59.307","2019-10-09 11:40:02.250",0,0,E9842627-5FA4-4D85-A0F4-C229957B5E25,0,0,21,015928842,01,00001
4020,28733,110,0,"2019-10-09 13:00:40.690","2019-10-09 13:36:51.877",0,0,A553DE03-1E62-4C33-9E6A-F76802C2C771,0,0,29,015930203,01,00002
9911,28667,501,0,"2019-10-09 11:30:31.777","2019-10-09 12:29:13.803",0,0,74048EC8-07BD-4CFF-A947-DA994E93AA54,0,0,16,015928666,01,00001
4020,28709,502,0,"2019-10-09 11:12:59.307","2019-10-09 11:40:02.250",0,0,E9842627-5FA4-4D85-A0F4-C229957B5E25,0,0,01,015929553,01,00001
28891,28747,601,,"2019-10-09 14:31:44.540",,,,CEEBED59-684F-408C-A371-72DE90740E35,,,17,015929087,02,00001
28792,28747,601,0,"2019-10-09 13:11:19.110","2019-10-09 14:31:26.633",0,0,07BC50FB-AEFF-403A-AAD9-F583C3EFA4BD,0,0,17,015929087,02,00001
2121,28670,115,,"2019-10-09 13:53:23.783",,,,962B0050-4A0F-4131-8FAE-B6D0B2DB9982,,,35,015929335,01,00001
4020,28733,110,0,"2019-10-09 13:00:40.690","2019-10-09 13:36:51.877",0,0,A553DE03-1E62-4C33-9E6A-F76802C2C771,0,0,33,015929748,05,00001
9911,28667,501,0,"2019-10-09 11:30:31.777","2019-10-09 12:29:13.803",0,0,74048EC8-07BD-4CFF-A947-DA994E93AA54,0,0,17,015928859,01,00009
1806,28673,403,0,"2019-10-09 10:56:13.360","2019-10-09 11:29:56.353",0,0,FACA52B4-F94F-4CFF-B33C-5685689AECB3,0,0,20,015929237,01,00001
1806,28673,403,0,"2019-10-09 10:56:13.360","2019-10-09 11:29:56.353",0,0,FACA52B4-F94F-4CFF-B33C-5685689AECB3,0,0,22,015929330,01,00001
9911,28674,308,0,"2019-10-09 10:56:01.063","2019-10-09 11:30:22.590",0,0,F3093453-0D4E-4DE4-8DE6-1BD9321EFCEC,0,0,27,015916463,01,00013
10155,28767,403,0,"2019-10-09 13:46:55.847","2019-10-09 14:41:07.507",0,0,9E3AB940-D477-4B30-9F29-15F0BB9F295C,0,0,23,015930404,03,00001
10155,28779,702,,"2019-10-09 14:42:48.400",,,,1F746BF8-F13F-49DD-AD85-BA6A84517354,,,21,015930584,01,00002
10155,28767,403,0,"2019-10-09 13:46:55.847","2019-10-09 14:41:07.507",0,0,9E3AB940-D477-4B30-9F29-15F0BB9F295C,0,0,34,015929965,03,00001
28891,28747,601,,"2019-10-09 14:31:44.540",,,,CEEBED59-684F-408C-A371-72DE90740E35,,,02,015930256,01,00004
28792,28747,601,0,"2019-10-09 13:11:19.110","2019-10-09 14:31:26.633",0,0,07BC50FB-AEFF-403A-AAD9-F583C3EFA4BD,0,0,02,015930256,01,00004
1806,28673,403,0,"2019-10-09 10:56:13.360","2019-10-09 11:29:56.353",0,0,FACA52B4-F94F-4CFF-B33C-5685689AECB3,0,0,32,015925706,01,00009
9911,28674,308,0,"2019-10-09 10:56:01.063","2019-10-09 11:30:22.590",0,0,F3093453-0D4E-4DE4-8DE6-1BD9321EFCEC,0,0,03,015929164,01,00001
9633,28788,501,0,"2019-10-09 14:15:16.537","2019-10-09 15:05:26.910",0,0,D748C2B8-6FEB-497C-87A6-DF46A0742991,0,0,14,015930557,02,00001
10155,28767,403,0,"2019-10-09 13:46:55.847","2019-10-09 14:41:07.507",0,0,9E3AB940-D477-4B30-9F29-15F0BB9F295C,0,0,02,015930410,01,00001
31976,28668,603,0,"2019-10-09 11:46:57.170","2019-10-09 13:56:54.647",0,0,98A54BCD-3018-42BF-B43D-CAF08A0EE6D8,1,0,08,015929057,01,00001
10155,28767,403,0,"2019-10-09 13:46:55.847","2019-10-09 14:41:07.507",0,0,9E3AB940-D477-4B30-9F29-15F0BB9F295C,0,0,39,015930201,02,00001
9633,28788,501,0,"2019-10-09 14:15:16.537","2019-10-09 15:05:26.910",0,0,D748C2B8-6FEB-497C-87A6-DF46A0742991,0,0,11,015930922,01,00001
10155,28767,403,0,"2019-10-09 13:46:55.847","2019-10-09 14:41:07.507",0,0,9E3AB940-D477-4B30-9F29-15F0BB9F295C,0,0,07,015930439,01,00001
9633,28707,604,0,"2019-10-09 11:31:45.107","2019-10-09 12:08:26.473",0,0,F1BE8EA0-A986-434B-BDE8-C85EA203C61B,0,0,07,015929616,01,00001
31976,28669,601,0,"2019-10-09 11:08:06.020","2019-10-09 11:45:59.267",0,0,F3D16F75-F532-40C6-8C2E-BD3FBEBA6437,0,0,29,015929332,01,00001
9911,28674,308,0,"2019-10-09 10:56:01.063","2019-10-09 11:30:22.590",0,0,F3093453-0D4E-4DE4-8DE6-1BD9321EFCEC,0,0,19,015912349,01,00013
31976,28766,308,0,"2019-10-09 13:57:46.993","2019-10-09 14:42:11.610",0,0,8158AB51-467E-47FE-9D1C-54D09E934B0D,0,0,21,015929723,02,00001
28891,28747,601,,"2019-10-09 14:31:44.540",,,,CEEBED59-684F-408C-A371-72DE90740E35,,,15,015930320,01,00001
28792,28747,601,0,"2019-10-09 13:11:19.110","2019-10-09 14:31:26.633",0,0,07BC50FB-AEFF-403A-AAD9-F583C3EFA4BD,0,0,15,015930320,01,00001
9911,28716,306,0,"2019-10-09 13:49:56.690","2019-10-09 14:37:43.717",0,0,B41ED604-D213-452C-9431-84ACC866ECCB,0,0,29,015929458,01,00001
10155,28767,403,0,"2019-10-09 13:46:55.847","2019-10-09 14:41:07.507",0,0,9E3AB940-D477-4B30-9F29-15F0BB9F295C,0,0,25,015930168,03,00001
28792,28717,408,0,"2019-10-09 12:04:48.627","2019-10-09 13:43:05.377",0,0,9B121488-28F9-44BB-BBE7-F262C86CC78E,0,0,04,015929681,01,00001
4020,28733,110,0,"2019-10-09 13:00:40.690","2019-10-09 13:36:51.877",0,0,A553DE03-1E62-4C33-9E6A-F76802C2C771,0,0,02,015930182,01,00004
9633,28788,501,0,"2019-10-09 14:15:16.537","2019-10-09 15:05:26.910",0,0,D748C2B8-6FEB-497C-87A6-DF46A0742991,0,0,12,015929998,02,00001
28792,28717,408,0,"2019-10-09 12:04:48.627","2019-10-09 13:43:05.377",0,0,9B121488-28F9-44BB-BBE7-F262C86CC78E,0,0,33,015929863,05,00001
28792,28717,408,0,"2019-10-09 12:04:48.627","2019-10-09 13:43:05.377",0,0,9B121488-28F9-44BB-BBE7-F262C86CC78E,0,0,13,015929933,01,00001
1397,28671,101,0,"2019-10-09 12:01:35.717","2019-10-09 13:42:19.210",0,0,C9947C7D-3F1F-4B54-B9DC-313C7EF29385,0,0,05,015928622,01,00001
9911,28716,306,0,"2019-10-09 13:49:56.690","2019-10-09 14:37:43.717",0,0,B41ED604-D213-452C-9431-84ACC866ECCB,0,0,04,015929908,01,00001
1806,28673,403,0,"2019-10-09 10:56:13.360","2019-10-09 11:29:56.353",0,0,FACA52B4-F94F-4CFF-B33C-5685689AECB3,0,0,21,015929338,01,00002
9633,28788,501,0,"2019-10-09 14:15:16.537","2019-10-09 15:05:26.910",0,0,D748C2B8-6FEB-497C-87A6-DF46A0742991,0,0,16,015930574,02,00001
2121,28670,115,,"2019-10-09 13:53:23.783",,,,962B0050-4A0F-4131-8FAE-B6D0B2DB9982,,,39,015929074,01,00007
31976,28668,603,0,"2019-10-09 11:46:57.170","2019-10-09 13:56:54.647",0,0,98A54BCD-3018-42BF-B43D-CAF08A0EE6D8,1,0,04,015928728,01,00003
9633,28788,501,0,"2019-10-09 14:15:16.537","2019-10-09 15:05:26.910",0,0,D748C2B8-6FEB-497C-87A6-DF46A0742991,0,0,10,015930833,01,00001
4020,28733,110,0,"2019-10-09 13:00:40.690","2019-10-09 13:36:51.877",0,0,A553DE03-1E62-4C33-9E6A-F76802C2C771,0,0,17,015930167,01,00005
4020,28709,502,0,"2019-10-09 11:12:59.307","2019-10-09 11:40:02.250",0,0,E9842627-5FA4-4D85-A0F4-C229957B5E25,0,0,33,015929692,01,00003
9633,28711,701,0,"2019-10-09 13:37:21.117","2019-10-09 14:14:42.897",0,0,45EB584B-BB3F-4EB5-916F-948939029229,0,0,08,015929754,01,00001
9633,28711,701,0,"2019-10-09 13:37:21.117","2019-10-09 14:14:42.897",0,0,45EB584B-BB3F-4EB5-916F-948939029229,0,0,25,015929100,01,00001
4020,28709,502,0,"2019-10-09 11:12:59.307","2019-10-09 11:40:02.250",0,0,E9842627-5FA4-4D85-A0F4-C229957B5E25,0,0,10,015929609,01,00001
1438,28672,103,0,"2019-10-09 12:01:05.937","2019-10-09 12:42:55.267",0,0,B224AD0F-2BA8-4410-908A-BC1D8D7958CD,0,0,07,015928653,01,00001
10155,28767,403,0,"2019-10-09 13:46:55.847","2019-10-09 14:41:07.507",0,0,9E3AB940-D477-4B30-9F29-15F0BB9F295C,0,0,30,015930173,02,00001
31976,28669,601,0,"2019-10-09 11:08:06.020","2019-10-09 11:45:59.267",0,0,F3D16F75-F532-40C6-8C2E-BD3FBEBA6437,0,0,08,015928821,01,00005
31976,28778,105,,"2019-10-09 14:43:23.463",,,,A0288D6A-BE5B-4A88-9445-C069B94BB132,,,29,015930542,03,00001
1438,28714,304,0,"2019-10-09 12:43:02.923","2019-10-09 13:36:45.890",0,0,F744EFB2-A030-4168-B23E-2298D7628BA8,0,0,29,015916473,01,00013
10155,28706,505,0,"2019-10-09 12:14:48.137","2019-10-09 13:45:34.450",0,0,A02498B0-2816-49D0-A79D-586FB9891748,0,0,25,015929546,01,00004
9911,28667,501,0,"2019-10-09 11:30:31.777","2019-10-09 12:29:13.803",0,0,74048EC8-07BD-4CFF-A947-DA994E93AA54,0,0,21,015928941,01,00004
28891,28747,601,,"2019-10-09 14:31:44.540",,,,CEEBED59-684F-408C-A371-72DE90740E35,,,11,015930244,01,00002
28792,28747,601,0,"2019-10-09 13:11:19.110","2019-10-09 14:31:26.633",0,0,07BC50FB-AEFF-403A-AAD9-F583C3EFA4BD,0,0,11,015930244,01,00002
31976,28669,601,0,"2019-10-09 11:08:06.020","2019-10-09 11:45:59.267",0,0,F3D16F75-F532-40C6-8C2E-BD3FBEBA6437,0,0,33,015929248,01,00001
4020,28709,502,0,"2019-10-09 11:12:59.307","2019-10-09 11:40:02.250",0,0,E9842627-5FA4-4D85-A0F4-C229957B5E25,0,0,02,015929596,01,00001
1806,28673,403,0,"2019-10-09 10:56:13.360","2019-10-09 11:29:56.353",0,0,FACA52B4-F94F-4CFF-B33C-5685689AECB3,0,0,38,015916561,01,00017
10155,28767,403,0,"2019-10-09 13:46:55.847","2019-10-09 14:41:07.507",0,0,9E3AB940-D477-4B30-9F29-15F0BB9F295C,0,0,08,015930446,01,00001
9633,28711,701,0,"2019-10-09 13:37:21.117","2019-10-09 14:14:42.897",0,0,45EB584B-BB3F-4EB5-916F-948939029229,0,0,11,015929099,01,00001
28891,28747,601,,"2019-10-09 14:31:44.540",,,,CEEBED59-684F-408C-A371-72DE90740E35,,,08,015930304,01,00001
28792,28747,601,0,"2019-10-09 13:11:19.110","2019-10-09 14:31:26.633",0,0,07BC50FB-AEFF-403A-AAD9-F583C3EFA4BD,0,0,08,015930304,01,00001
1806,28673,403,0,"2019-10-09 10:56:13.360","2019-10-09 11:29:56.353",0,0,FACA52B4-F94F-4CFF-B33C-5685689AECB3,0,0,25,015928690,01,00001
1397,28671,101,0,"2019-10-09 12:01:35.717","2019-10-09 13:42:19.210",0,0,C9947C7D-3F1F-4B54-B9DC-313C7EF29385,0,0,06,015928679,01,00001
9911,28789,103,,"2019-10-09 14:37:50.967",,,,9AFC4642-34F2-481B-B142-BE576C663D75,,,04,015930616,02,00001
31976,28766,308,0,"2019-10-09 13:57:46.993","2019-10-09 14:42:11.610",0,0,8158AB51-467E-47FE-9D1C-54D09E934B0D,0,0,31,015929728,02,00001
9911,28674,308,0,"2019-10-09 10:56:01.063","2019-10-09 11:30:22.590",0,0,F3093453-0D4E-4DE4-8DE6-1BD9321EFCEC,0,0,37,015911859,01,00017
28891,28730,106,0,"2019-10-09 12:04:00.040","2019-10-09 13:54:04.800",0,0,E6CC0D57-DB1C-45E6-BECF-B10DA234385E,0,0,01,015930044,01,00001
31976,28766,308,0,"2019-10-09 13:57:46.993","2019-10-09 14:42:11.610",0,0,8158AB51-467E-47FE-9D1C-54D09E934B0D,0,0,03,015930361,01,00002
9633,28707,604,0,"2019-10-09 11:31:45.107","2019-10-09 12:08:26.473",0,0,F1BE8EA0-A986-434B-BDE8-C85EA203C61B,0,0,27,015929462,01,00001
9911,28789,103,,"2019-10-09 14:37:50.967",,,,9AFC4642-34F2-481B-B142-BE576C663D75,,,01,015930747,01,00004
28891,28730,106,0,"2019-10-09 12:04:00.040","2019-10-09 13:54:04.800",0,0,E6CC0D57-DB1C-45E6-BECF-B10DA234385E,0,0,02,015930051,01,00002
1806,28673,403,0,"2019-10-09 10:56:13.360","2019-10-09 11:29:56.353",0,0,FACA52B4-F94F-4CFF-B33C-5685689AECB3,0,0,19,015929122,01,00002
9911,28789,103,,"2019-10-09 14:37:50.967",,,,9AFC4642-34F2-481B-B142-BE576C663D75,,,17,015930720,01,00010
9911,28667,501,0,"2019-10-09 11:30:31.777","2019-10-09 12:29:13.803",0,0,74048EC8-07BD-4CFF-A947-DA994E93AA54,0,0,27,015928776,01,00001
31976,28766,308,0,"2019-10-09 13:57:46.993","2019-10-09 14:42:11.610",0,0,8158AB51-467E-47FE-9D1C-54D09E934B0D,0,0,37,015930232,02,00001
1438,28714,304,0,"2019-10-09 12:43:02.923","2019-10-09 13:36:45.890",0,0,F744EFB2-A030-4168-B23E-2298D7628BA8,0,0,35,015929752,01,00001
10155,28779,702,,"2019-10-09 14:42:48.400",,,,1F746BF8-F13F-49DD-AD85-BA6A84517354,,,01,015930535,01,00001
9633,28711,701,0,"2019-10-09 13:37:21.117","2019-10-09 14:14:42.897",0,0,45EB584B-BB3F-4EB5-916F-948939029229,0,0,07,015929718,01,00001
10155,28779,702,,"2019-10-09 14:42:48.400",,,,1F746BF8-F13F-49DD-AD85-BA6A84517354,,,38,015930654,01,00001
9633,28711,701,0,"2019-10-09 13:37:21.117","2019-10-09 14:14:42.897",0,0,45EB584B-BB3F-4EB5-916F-948939029229,0,0,03,015929236,01,00001
10235,28732,108,,"2019-10-09 13:07:30.173",,,,949CEF84-3278-4299-82E1-6338A483815C,,,04,015930145,01,00001
1806,28673,403,0,"2019-10-09 10:56:13.360","2019-10-09 11:29:56.353",0,0,FACA52B4-F94F-4CFF-B33C-5685689AECB3,0,0,35,015928713,01,00001
4020,28709,502,0,"2019-10-09 11:12:59.307","2019-10-09 11:40:02.250",0,0,E9842627-5FA4-4D85-A0F4-C229957B5E25,0,0,27,015928915,01,00001
10235,28710,602,1,"2019-10-09 11:49:24.393","2019-10-09 13:06:59.737",0,0,0DD7C714-A24A-4376-A838-FD4A5B2412B6,0,0,03,015929560,01,00001
9911,28667,501,0,"2019-10-09 11:30:31.777","2019-10-09 12:29:13.803",0,0,74048EC8-07BD-4CFF-A947-DA994E93AA54,0,0,07,015929208,01,00001
10155,28767,403,0,"2019-10-09 13:46:55.847","2019-10-09 14:41:07.507",0,0,9E3AB940-D477-4B30-9F29-15F0BB9F295C,0,0,14,015930268,02,00001
10155,28767,403,0,"2019-10-09 13:46:55.847","2019-10-09 14:41:07.507",0,0,9E3AB940-D477-4B30-9F29-15F0BB9F295C,0,0,24,015930434,02,00001
9633,28711,701,0,"2019-10-09 13:37:21.117","2019-10-09 14:14:42.897",0,0,45EB584B-BB3F-4EB5-916F-948939029229,0,0,40,015929268,01,00001
4020,28708,111,0,"2019-10-09 11:59:49.170","2019-10-09 12:26:59.540",0,0,6565FE47-CCAD-49AA-8017-003CCFFD6179,0,0,21,015911883,01,00047
28891,28730,106,0,"2019-10-09 12:04:00.040","2019-10-09 13:54:04.800",0,0,E6CC0D57-DB1C-45E6-BECF-B10DA234385E,0,0,11,015928611,01,00004
10155,28706,505,0,"2019-10-09 12:14:48.137","2019-10-09 13:45:34.450",0,0,A02498B0-2816-49D0-A79D-586FB9891748,0,0,23,015929831,01,00002
2121,28731,114,,"2019-10-09 12:21:26.040",,,,00458863-54DF-4563-9B17-FC473DC0B17D,,,03,015930119,01,00001
28792,28717,408,0,"2019-10-09 12:04:48.627","2019-10-09 13:43:05.377",0,0,9B121488-28F9-44BB-BBE7-F262C86CC78E,0,0,26,015929923,03,00001
1438,28672,103,0,"2019-10-09 12:01:05.937","2019-10-09 12:42:55.267",0,0,B224AD0F-2BA8-4410-908A-BC1D8D7958CD,0,0,06,015929337,01,00002
9633,28788,501,0,"2019-10-09 14:15:16.537","2019-10-09 15:05:26.910",0,0,D748C2B8-6FEB-497C-87A6-DF46A0742991,0,0,07,015930907,01,00003
9633,28707,604,0,"2019-10-09 11:31:45.107","2019-10-09 12:08:26.473",0,0,F1BE8EA0-A986-434B-BDE8-C85EA203C61B,0,0,11,015929640,01,00003
10155,28779,702,,"2019-10-09 14:42:48.400",,,,1F746BF8-F13F-49DD-AD85-BA6A84517354,,,40,015930681,01,00002
9911,28674,308,0,"2019-10-09 10:56:01.063","2019-10-09 11:30:22.590",0,0,F3093453-0D4E-4DE4-8DE6-1BD9321EFCEC,0,0,21,015916456,01,00017
9911,28674,308,0,"2019-10-09 10:56:01.063","2019-10-09 11:30:22.590",0,0,F3093453-0D4E-4DE4-8DE6-1BD9321EFCEC,0,0,11,015929331,01,00001
1397,28671,101,0,"2019-10-09 12:01:35.717","2019-10-09 13:42:19.210",0,0,C9947C7D-3F1F-4B54-B9DC-313C7EF29385,0,0,25,015916567,01,00018
4020,28708,111,0,"2019-10-09 11:59:49.170","2019-10-09 12:26:59.540",0,0,6565FE47-CCAD-49AA-8017-003CCFFD6179,0,0,15,015929650,01,00001
28792,28717,408,0,"2019-10-09 12:04:48.627","2019-10-09 13:43:05.377",0,0,9B121488-28F9-44BB-BBE7-F262C86CC78E,0,0,22,015930021,01,00001
9911,28667,501,0,"2019-10-09 11:30:31.777","2019-10-09 12:29:13.803",0,0,74048EC8-07BD-4CFF-A947-DA994E93AA54,0,0,02,015929194,01,00001
28891,28730,106,0,"2019-10-09 12:04:00.040","2019-10-09 13:54:04.800",0,0,E6CC0D57-DB1C-45E6-BECF-B10DA234385E,0,0,37,015929833,01,00001
9633,28788,501,0,"2019-10-09 14:15:16.537","2019-10-09 15:05:26.910",0,0,D748C2B8-6FEB-497C-87A6-DF46A0742991,0,0,04,015930920,01,00001
9633,28707,604,0,"2019-10-09 11:31:45.107","2019-10-09 12:08:26.473",0,0,F1BE8EA0-A986-434B-BDE8-C85EA203C61B,0,0,09,015929510,01,00004
28891,28730,106,0,"2019-10-09 12:04:00.040","2019-10-09 13:54:04.800",0,0,E6CC0D57-DB1C-45E6-BECF-B10DA234385E,0,0,35,015929592,01,00001
4020,28708,111,0,"2019-10-09 11:59:49.170","2019-10-09 12:26:59.540",0,0,6565FE47-CCAD-49AA-8017-003CCFFD6179,0,0,07,015929517,01,00002
31976,28778,105,,"2019-10-09 14:43:23.463",,,,A0288D6A-BE5B-4A88-9445-C069B94BB132,,,01,015930474,01,00001
31976,28778,105,,"2019-10-09 14:43:23.463",,,,A0288D6A-BE5B-4A88-9445-C069B94BB132,,,35,015930570,01,00003
10155,28779,702,,"2019-10-09 14:42:48.400",,,,1F746BF8-F13F-49DD-AD85-BA6A84517354,,,27,015930581,01,00005
9911,28667,501,0,"2019-10-09 11:30:31.777","2019-10-09 12:29:13.803",0,0,74048EC8-07BD-4CFF-A947-DA994E93AA54,0,0,25,015929192,01,00003
9633,28788,501,0,"2019-10-09 14:15:16.537","2019-10-09 15:05:26.910",0,0,D748C2B8-6FEB-497C-87A6-DF46A0742991,0,0,02,015930952,01,00001
9911,28716,306,0,"2019-10-09 13:49:56.690","2019-10-09 14:37:43.717",0,0,B41ED604-D213-452C-9431-84ACC866ECCB,0,0,33,015929702,02,00001
9911,28674,308,0,"2019-10-09 10:56:01.063","2019-10-09 11:30:22.590",0,0,F3093453-0D4E-4DE4-8DE6-1BD9321EFCEC,0,0,17,015912134,01,00013
4020,28733,110,0,"2019-10-09 13:00:40.690","2019-10-09 13:36:51.877",0,0,A553DE03-1E62-4C33-9E6A-F76802C2C771,0,0,06,015930194,01,00001
9633,28707,604,0,"2019-10-09 11:31:45.107","2019-10-09 12:08:26.473",0,0,F1BE8EA0-A986-434B-BDE8-C85EA203C61B,0,0,35,015929420,01,00001
2121,28670,115,,"2019-10-09 13:53:23.783",,,,962B0050-4A0F-4131-8FAE-B6D0B2DB9982,,,15,015916537,01,00001
9911,28716,306,0,"2019-10-09 13:49:56.690","2019-10-09 14:37:43.717",0,0,B41ED604-D213-452C-9431-84ACC866ECCB,0,0,01,015929966,01,00001
28792,28717,408,0,"2019-10-09 12:04:48.627","2019-10-09 13:43:05.377",0,0,9B121488-28F9-44BB-BBE7-F262C86CC78E,0,0,25,015929922,04,00001
9911,28667,501,0,"2019-10-09 11:30:31.777","2019-10-09 12:29:13.803",0,0,74048EC8-07BD-4CFF-A947-DA994E93AA54,0,0,39,015928865,01,00002
31976,28668,603,0,"2019-10-09 11:46:57.170","2019-10-09 13:56:54.647",0,0,98A54BCD-3018-42BF-B43D-CAF08A0EE6D8,1,0,31,015929348,01,00002
1806,28673,403,0,"2019-10-09 10:56:13.360","2019-10-09 11:29:56.353",0,0,FACA52B4-F94F-4CFF-B33C-5685689AECB3,0,0,39,015929266,01,00002
1438,28851,101,,"2019-10-09 15:05:03.217",,,,58629D78-1F38-4460-B697-884E47572C0F,,,25,015931216,01,00003
4020,28733,110,0,"2019-10-09 13:00:40.690","2019-10-09 13:36:51.877",0,0,A553DE03-1E62-4C33-9E6A-F76802C2C771,0,0,25,015929937,04,00001
9911,28667,501,0,"2019-10-09 11:30:31.777","2019-10-09 12:29:13.803",0,0,74048EC8-07BD-4CFF-A947-DA994E93AA54,0,0,29,015929290,01,00003
2121,28670,115,,"2019-10-09 13:53:23.783",,,,962B0050-4A0F-4131-8FAE-B6D0B2DB9982,,,06,015928673,01,00001
9633,28788,501,0,"2019-10-09 14:15:16.537","2019-10-09 15:05:26.910",0,0,D748C2B8-6FEB-497C-87A6-DF46A0742991,0,0,08,015930846,01,00001
1438,28714,304,0,"2019-10-09 12:43:02.923","2019-10-09 13:36:45.890",0,0,F744EFB2-A030-4168-B23E-2298D7628BA8,0,0,15,015916573,01,00017
1397,28671,101,0,"2019-10-09 12:01:35.717","2019-10-09 13:42:19.210",0,0,C9947C7D-3F1F-4B54-B9DC-313C7EF29385,0,0,08,015928676,01,00001
9911,28674,308,0,"2019-10-09 10:56:01.063","2019-10-09 11:30:22.590",0,0,F3093453-0D4E-4DE4-8DE6-1BD9321EFCEC,0,0,31,015911972,01,00016
2121,28670,115,,"2019-10-09 13:53:23.783",,,,962B0050-4A0F-4131-8FAE-B6D0B2DB9982,,,04,015911845,01,00005
9911,28789,103,,"2019-10-09 14:37:50.967",,,,9AFC4642-34F2-481B-B142-BE576C663D75,,,13,015930645,01,00002
31976,28669,601,0,"2019-10-09 11:08:06.020","2019-10-09 11:45:59.267",0,0,F3D16F75-F532-40C6-8C2E-BD3FBEBA6437,0,0,05,015929207,02,00001
1438,28851,101,,"2019-10-09 15:05:03.217",,,,58629D78-1F38-4460-B697-884E47572C0F,,,09,015931217,01,00002
9633,28788,501,0,"2019-10-09 14:15:16.537","2019-10-09 15:05:26.910",0,0,D748C2B8-6FEB-497C-87A6-DF46A0742991,0,0,21,015930918,01,00002
10235,28732,108,,"2019-10-09 13:07:30.173",,,,949CEF84-3278-4299-82E1-6338A483815C,,,37,015930188,01,00002
1438,28672,103,0,"2019-10-09 12:01:05.937","2019-10-09 12:42:55.267",0,0,B224AD0F-2BA8-4410-908A-BC1D8D7958CD,0,0,01,015928913,01,00001
31976,28669,601,0,"2019-10-09 11:08:06.020","2019-10-09 11:45:59.267",0,0,F3D16F75-F532-40C6-8C2E-BD3FBEBA6437,0,0,06,015929235,01,00001
1438,28672,103,0,"2019-10-09 12:01:05.937","2019-10-09 12:42:55.267",0,0,B224AD0F-2BA8-4410-908A-BC1D8D7958CD,0,0,35,015911868,01,00013
2121,28731,114,,"2019-10-09 12:21:26.040",,,,00458863-54DF-4563-9B17-FC473DC0B17D,,,17,015912250,01,00025
10155,28767,403,0,"2019-10-09 13:46:55.847","2019-10-09 14:41:07.507",0,0,9E3AB940-D477-4B30-9F29-15F0BB9F295C,0,0,27,015930170,06,00001
9633,28707,604,0,"2019-10-09 11:31:45.107","2019-10-09 12:08:26.473",0,0,F1BE8EA0-A986-434B-BDE8-C85EA203C61B,0,0,21,015929613,01,00003
1806,28673,403,0,"2019-10-09 10:56:13.360","2019-10-09 11:29:56.353",0,0,FACA52B4-F94F-4CFF-B33C-5685689AECB3,0,0,03,015928702,01,00001
9633,28711,701,0,"2019-10-09 13:37:21.117","2019-10-09 14:14:42.897",0,0,45EB584B-BB3F-4EB5-916F-948939029229,0,0,09,015929097,01,00001
2121,28731,114,,"2019-10-09 12:21:26.040",,,,00458863-54DF-4563-9B17-FC473DC0B17D,,,11,015930041,01,00001
31976,28778,105,,"2019-10-09 14:43:23.463",,,,A0288D6A-BE5B-4A88-9445-C069B94BB132,,,07,015930508,01,00001
9633,28711,701,0,"2019-10-09 13:37:21.117","2019-10-09 14:14:42.897",0,0,45EB584B-BB3F-4EB5-916F-948939029229,0,0,01,015928793,01,00001
31976,28668,603,0,"2019-10-09 11:46:57.170","2019-10-09 13:56:54.647",0,0,98A54BCD-3018-42BF-B43D-CAF08A0EE6D8,1,0,03,015928644,01,00001
28891,28730,106,0,"2019-10-09 12:04:00.040","2019-10-09 13:54:04.800",0,0,E6CC0D57-DB1C-45E6-BECF-B10DA234385E,0,0,04,015930081,01,00001
2121,28731,114,,"2019-10-09 12:21:26.040",,,,00458863-54DF-4563-9B17-FC473DC0B17D,,,39,015930152,01,00002
31976,28766,308,0,"2019-10-09 13:57:46.993","2019-10-09 14:42:11.610",0,0,8158AB51-467E-47FE-9D1C-54D09E934B0D,0,0,05,015930376,01,00001
2121,28670,115,,"2019-10-09 13:53:23.783",,,,962B0050-4A0F-4131-8FAE-B6D0B2DB9982,,,13,015928683,01,00001
1438,28714,304,0,"2019-10-09 12:43:02.923","2019-10-09 13:36:45.890",0,0,F744EFB2-A030-4168-B23E-2298D7628BA8,0,0,39,015912209,01,00013
10155,28767,403,0,"2019-10-09 13:46:55.847","2019-10-09 14:41:07.507",0,0,9E3AB940-D477-4B30-9F29-15F0BB9F295C,0,0,13,015930128,02,00001
10235,28732,108,,"2019-10-09 13:07:30.173",,,,949CEF84-3278-4299-82E1-6338A483815C,,,21,015929902,01,00004
1438,28672,103,0,"2019-10-09 12:01:05.937","2019-10-09 12:42:55.267",0,0,B224AD0F-2BA8-4410-908A-BC1D8D7958CD,0,0,02,015928939,01,00001
1806,28673,403,0,"2019-10-09 10:56:13.360","2019-10-09 11:29:56.353",0,0,FACA52B4-F94F-4CFF-B33C-5685689AECB3,0,0,11,015928897,01,00001
9633,28707,604,0,"2019-10-09 11:31:45.107","2019-10-09 12:08:26.473",0,0,F1BE8EA0-A986-434B-BDE8-C85EA203C61B,0,0,29,015929675,01,00001
10155,28767,403,0,"2019-10-09 13:46:55.847","2019-10-09 14:41:07.507",0,0,9E3AB940-D477-4B30-9F29-15F0BB9F295C,0,0,20,015930147,02,00001
28792,28717,408,0,"2019-10-09 12:04:48.627","2019-10-09 13:43:05.377",0,0,9B121488-28F9-44BB-BBE7-F262C86CC78E,0,0,14,015929946,01,00001
4020,28708,111,0,"2019-10-09 11:59:49.170","2019-10-09 12:26:59.540",0,0,6565FE47-CCAD-49AA-8017-003CCFFD6179,0,0,09,015929567,01,00001
9633,28788,501,0,"2019-10-09 14:15:16.537","2019-10-09 15:05:26.910",0,0,D748C2B8-6FEB-497C-87A6-DF46A0742991,0,0,15,015930566,02,00001
31976,28669,601,0,"2019-10-09 11:08:06.020","2019-10-09 11:45:59.267",0,0,F3D16F75-F532-40C6-8C2E-BD3FBEBA6437,0,0,21,015929179,01,00004
28792,28717,408,0,"2019-10-09 12:04:48.627","2019-10-09 13:43:05.377",0,0,9B121488-28F9-44BB-BBE7-F262C86CC78E,0,0,32,015929993,02,00001
28792,28717,408,0,"2019-10-09 12:04:48.627","2019-10-09 13:43:05.377",0,0,9B121488-28F9-44BB-BBE7-F262C86CC78E,0,0,34,015929994,02,00001
31976,28778,105,,"2019-10-09 14:43:23.463",,,,A0288D6A-BE5B-4A88-9445-C069B94BB132,,,05,015930502,01,00001
9911,28789,103,,"2019-10-09 14:37:50.967",,,,9AFC4642-34F2-481B-B142-BE576C663D75,,,11,015930782,01,00004
9911,28716,306,0,"2019-10-09 13:49:56.690","2019-10-09 14:37:43.717",0,0,B41ED604-D213-452C-9431-84ACC866ECCB,0,0,23,015929218,01,00001
10155,28706,505,0,"2019-10-09 12:14:48.137","2019-10-09 13:45:34.450",0,0,A02498B0-2816-49D0-A79D-586FB9891748,0,0,08,015929642,01,00002
31976,28766,308,0,"2019-10-09 13:57:46.993","2019-10-09 14:42:11.610",0,0,8158AB51-467E-47FE-9D1C-54D09E934B0D,0,0,04,015930372,01,00001
10155,28767,403,0,"2019-10-09 13:46:55.847","2019-10-09 14:41:07.507",0,0,9E3AB940-D477-4B30-9F29-15F0BB9F295C,0,0,09,015929727,02,00001
4020,28709,502,0,"2019-10-09 11:12:59.307","2019-10-09 11:40:02.250",0,0,E9842627-5FA4-4D85-A0F4-C229957B5E25,0,0,09,015929474,01,00002
28792,28717,408,0,"2019-10-09 12:04:48.627","2019-10-09 13:43:05.377",0,0,9B121488-28F9-44BB-BBE7-F262C86CC78E,0,0,17,015929667,04,00001
31976,28669,601,0,"2019-10-09 11:08:06.020","2019-10-09 11:45:59.267",0,0,F3D16F75-F532-40C6-8C2E-BD3FBEBA6437,0,0,27,015929252,01,00002
1438,28714,304,0,"2019-10-09 12:43:02.923","2019-10-09 13:36:45.890",0,0,F744EFB2-A030-4168-B23E-2298D7628BA8,0,0,09,015929905,01,00001
1438,28851,101,,"2019-10-09 15:05:03.217",,,,58629D78-1F38-4460-B697-884E47572C0F,,,17,015931216,01,00001
28792,28717,408,0,"2019-10-09 12:04:48.627","2019-10-09 13:43:05.377",0,0,9B121488-28F9-44BB-BBE7-F262C86CC78E,0,0,11,015929904,01,00001
10235,28710,602,1,"2019-10-09 11:49:24.393","2019-10-09 13:06:59.737",0,0,0DD7C714-A24A-4376-A838-FD4A5B2412B6,0,0,29,015929564,01,00001
10155,28779,702,,"2019-10-09 14:42:48.400",,,,1F746BF8-F13F-49DD-AD85-BA6A84517354,,,17,015930544,02,00001
4020,28709,502,0,"2019-10-09 11:12:59.307","2019-10-09 11:40:02.250",0,0,E9842627-5FA4-4D85-A0F4-C229957B5E25,0,0,39,015916475,01,00005
4020,28709,502,0,"2019-10-09 11:12:59.307","2019-10-09 11:40:02.250",0,0,E9842627-5FA4-4D85-A0F4-C229957B5E25,0,0,08,015929487,01,00002
1438,28714,304,0,"2019-10-09 12:43:02.923","2019-10-09 13:36:45.890",0,0,F744EFB2-A030-4168-B23E-2298D7628BA8,0,0,06,015929875,02,00001
10235,28732,108,,"2019-10-09 13:07:30.173",,,,949CEF84-3278-4299-82E1-6338A483815C,,,11,015928187,01,00002
10235,28710,602,1,"2019-10-09 11:49:24.393","2019-10-09 13:06:59.737",0,0,0DD7C714-A24A-4376-A838-FD4A5B2412B6,0,0,04,015929580,01,00001
4020,28709,502,0,"2019-10-09 11:12:59.307","2019-10-09 11:40:02.250",0,0,E9842627-5FA4-4D85-A0F4-C229957B5E25,0,0,19,015928776,01,00002
1806,28673,403,0,"2019-10-09 10:56:13.360","2019-10-09 11:29:56.353",0,0,FACA52B4-F94F-4CFF-B33C-5685689AECB3,0,0,27,015929045,01,00001
31976,28669,601,0,"2019-10-09 11:08:06.020","2019-10-09 11:45:59.267",0,0,F3D16F75-F532-40C6-8C2E-BD3FBEBA6437,0,0,01,015928930,01,00001
31976,28778,105,,"2019-10-09 14:43:23.463",,,,A0288D6A-BE5B-4A88-9445-C069B94BB132,,,13,015930500,01,00002
1438,28714,304,0,"2019-10-09 12:43:02.923","2019-10-09 13:36:45.890",0,0,F744EFB2-A030-4168-B23E-2298D7628BA8,0,0,01,015929909,01,00001
1806,28673,403,0,"2019-10-09 10:56:13.360","2019-10-09 11:29:56.353",0,0,FACA52B4-F94F-4CFF-B33C-5685689AECB3,0,0,23,015929367,01,00001
4020,28709,502,0,"2019-10-09 11:12:59.307","2019-10-09 11:40:02.250",0,0,E9842627-5FA4-4D85-A0F4-C229957B5E25,0,0,13,015929664,01,00003
10155,28779,702,,"2019-10-09 14:42:48.400",,,,1F746BF8-F13F-49DD-AD85-BA6A84517354,,,15,015930627,01,00001
9911,28674,308,0,"2019-10-09 10:56:01.063","2019-10-09 11:30:22.590",0,0,F3093453-0D4E-4DE4-8DE6-1BD9321EFCEC,0,0,29,015916469,01,00013
10235,28732,108,,"2019-10-09 13:07:30.173",,,,949CEF84-3278-4299-82E1-6338A483815C,,,05,015930154,01,00001
10155,28779,702,,"2019-10-09 14:42:48.400",,,,1F746BF8-F13F-49DD-AD85-BA6A84517354,,,06,015930560,01,00003
10235,28710,602,1,"2019-10-09 11:49:24.393","2019-10-09 13:06:59.737",0,0,0DD7C714-A24A-4376-A838-FD4A5B2412B6,0,0,01,015929741,01,00001
10235,28710,602,1,"2019-10-09 11:49:24.393","2019-10-09 13:06:59.737",0,0,0DD7C714-A24A-4376-A838-FD4A5B2412B6,0,0,25,015929619,01,00001
2121,28731,114,,"2019-10-09 12:21:26.040",,,,00458863-54DF-4563-9B17-FC473DC0B17D,,,29,015929289,01,00003
10235,28710,602,1,"2019-10-09 11:49:24.393","2019-10-09 13:06:59.737",0,0,0DD7C714-A24A-4376-A838-FD4A5B2412B6,0,0,06,015929512,01,00001
28792,28717,408,0,"2019-10-09 12:04:48.627","2019-10-09 13:43:05.377",0,0,9B121488-28F9-44BB-BBE7-F262C86CC78E,0,0,07,015929747,01,00001
31976,28668,603,0,"2019-10-09 11:46:57.170","2019-10-09 13:56:54.647",0,0,98A54BCD-3018-42BF-B43D-CAF08A0EE6D8,1,0,01,015928750,01,00010
10155,28767,403,0,"2019-10-09 13:46:55.847","2019-10-09 14:41:07.507",0,0,9E3AB940-D477-4B30-9F29-15F0BB9F295C,0,0,29,015930172,02,00001
10155,28767,403,0,"2019-10-09 13:46:55.847","2019-10-09 14:41:07.507",0,0,9E3AB940-D477-4B30-9F29-15F0BB9F295C,0,0,38,015930200,02,00001
9633,28707,604,0,"2019-10-09 11:31:45.107","2019-10-09 12:08:26.473",0,0,F1BE8EA0-A986-434B-BDE8-C85EA203C61B,0,0,06,015929528,01,00001
1438,28672,103,0,"2019-10-09 12:01:05.937","2019-10-09 12:42:55.267",0,0,B224AD0F-2BA8-4410-908A-BC1D8D7958CD,0,0,03,015929073,01,00001
31976,28669,601,0,"2019-10-09 11:08:06.020","2019-10-09 11:45:59.267",0,0,F3D16F75-F532-40C6-8C2E-BD3FBEBA6437,0,0,17,015929062,01,00001
1438,28714,304,0,"2019-10-09 12:43:02.923","2019-10-09 13:36:45.890",0,0,F744EFB2-A030-4168-B23E-2298D7628BA8,0,0,25,015929928,01,00002
1438,28714,304,0,"2019-10-09 12:43:02.923","2019-10-09 13:36:45.890",0,0,F744EFB2-A030-4168-B23E-2298D7628BA8,0,0,27,015929957,01,00001
9911,28674,308,0,"2019-10-09 10:56:01.063","2019-10-09 11:30:22.590",0,0,F3093453-0D4E-4DE4-8DE6-1BD9321EFCEC,0,0,04,015929365,01,00001
10155,28706,505,0,"2019-10-09 12:14:48.137","2019-10-09 13:45:34.450",0,0,A02498B0-2816-49D0-A79D-586FB9891748,0,0,21,015929457,01,00003
31976,28669,601,0,"2019-10-09 11:08:06.020","2019-10-09 11:45:59.267",0,0,F3D16F75-F532-40C6-8C2E-BD3FBEBA6437,0,0,35,015916492,01,00017
4020,28708,111,0,"2019-10-09 11:59:49.170","2019-10-09 12:26:59.540",0,0,6565FE47-CCAD-49AA-8017-003CCFFD6179,0,0,35,015929060,01,00001
1438,28851,101,,"2019-10-09 15:05:03.217",,,,58629D78-1F38-4460-B697-884E47572C0F,,,29,015931217,01,00001
9911,28716,306,0,"2019-10-09 13:49:56.690","2019-10-09 14:37:43.717",0,0,B41ED604-D213-452C-9431-84ACC866ECCB,0,0,11,015929877,01,00002
1806,28673,403,0,"2019-10-09 10:56:13.360","2019-10-09 11:29:56.353",0,0,FACA52B4-F94F-4CFF-B33C-5685689AECB3,0,0,29,015929133,01,00001
9911,28667,501,0,"2019-10-09 11:30:31.777","2019-10-09 12:29:13.803",0,0,74048EC8-07BD-4CFF-A947-DA994E93AA54,0,0,03,015929076,01,00003
4020,28708,111,0,"2019-10-09 11:59:49.170","2019-10-09 12:26:59.540",0,0,6565FE47-CCAD-49AA-8017-003CCFFD6179,0,0,29,015911815,01,00006
9633,28707,604,0,"2019-10-09 11:31:45.107","2019-10-09 12:08:26.473",0,0,F1BE8EA0-A986-434B-BDE8-C85EA203C61B,0,0,17,015929692,01,00002
9911,28667,501,0,"2019-10-09 11:30:31.777","2019-10-09 12:29:13.803",0,0,74048EC8-07BD-4CFF-A947-DA994E93AA54,0,0,15,015928775,01,00001
10155,28779,702,,"2019-10-09 14:42:48.400",,,,1F746BF8-F13F-49DD-AD85-BA6A84517354,,,39,015930679,01,00001
1806,28673,403,0,"2019-10-09 10:56:13.360","2019-10-09 11:29:56.353",0,0,FACA52B4-F94F-4CFF-B33C-5685689AECB3,0,0,31,015929242,01,00001
10155,28767,403,0,"2019-10-09 13:46:55.847","2019-10-09 14:41:07.507",0,0,9E3AB940-D477-4B30-9F29-15F0BB9F295C,0,0,04,015930428,01,00001
10235,28710,602,1,"2019-10-09 11:49:24.393","2019-10-09 13:06:59.737",0,0,0DD7C714-A24A-4376-A838-FD4A5B2412B6,0,0,27,015929841,01,00001
1806,28673,403,0,"2019-10-09 10:56:13.360","2019-10-09 11:29:56.353",0,0,FACA52B4-F94F-4CFF-B33C-5685689AECB3,0,0,24,015929396,01,00001
28891,28730,106,0,"2019-10-09 12:04:00.040","2019-10-09 13:54:04.800",0,0,E6CC0D57-DB1C-45E6-BECF-B10DA234385E,0,0,09,015916465,01,00001
1806,28673,403,0,"2019-10-09 10:56:13.360","2019-10-09 11:29:56.353",0,0,FACA52B4-F94F-4CFF-B33C-5685689AECB3,0,0,14,015928923,03,00001
10155,28706,505,0,"2019-10-09 12:14:48.137","2019-10-09 13:45:34.450",0,0,A02498B0-2816-49D0-A79D-586FB9891748,0,0,09,015929651,01,00005
10155,28706,505,0,"2019-10-09 12:14:48.137","2019-10-09 13:45:34.450",0,0,A02498B0-2816-49D0-A79D-586FB9891748,0,0,29,015929534,01,00005
2121,28670,115,,"2019-10-09 13:53:23.783",,,,962B0050-4A0F-4131-8FAE-B6D0B2DB9982,,,03,015928618,01,00002
28891,28730,106,0,"2019-10-09 12:04:00.040","2019-10-09 13:54:04.800",0,0,E6CC0D57-DB1C-45E6-BECF-B10DA234385E,0,0,08,015930111,01,00001
28792,28717,408,0,"2019-10-09 12:04:48.627","2019-10-09 13:43:05.377",0,0,9B121488-28F9-44BB-BBE7-F262C86CC78E,0,0,29,015929960,07,00001
10155,28767,403,0,"2019-10-09 13:46:55.847","2019-10-09 14:41:07.507",0,0,9E3AB940-D477-4B30-9F29-15F0BB9F295C,0,0,10,015929893,02,00001
28891,28730,106,0,"2019-10-09 12:04:00.040","2019-10-09 13:54:04.800",0,0,E6CC0D57-DB1C-45E6-BECF-B10DA234385E,0,0,07,015930106,01,00001
10155,28767,403,0,"2019-10-09 13:46:55.847","2019-10-09 14:41:07.507",0,0,9E3AB940-D477-4B30-9F29-15F0BB9F295C,0,0,17,015929729,02,00002
1806,28673,403,0,"2019-10-09 10:56:13.360","2019-10-09 11:29:56.353",0,0,FACA52B4-F94F-4CFF-B33C-5685689AECB3,0,0,26,015928722,01,00001
4020,28708,111,0,"2019-10-09 11:59:49.170","2019-10-09 12:26:59.540",0,0,6565FE47-CCAD-49AA-8017-003CCFFD6179,0,0,13,015929649,01,00001
10155,28779,702,,"2019-10-09 14:42:48.400",,,,1F746BF8-F13F-49DD-AD85-BA6A84517354,,,12,015930605,01,00001
28891,28730,106,0,"2019-10-09 12:04:00.040","2019-10-09 13:54:04.800",0,0,E6CC0D57-DB1C-45E6-BECF-B10DA234385E,0,0,21,015911837,01,00025
10155,28779,702,,"2019-10-09 14:42:48.400",,,,1F746BF8-F13F-49DD-AD85-BA6A84517354,,,35,015930593,02,00001
9911,28716,306,0,"2019-10-09 13:49:56.690","2019-10-09 14:37:43.717",0,0,B41ED604-D213-452C-9431-84ACC866ECCB,0,0,37,015929630,01,00001
31976,28766,308,0,"2019-10-09 13:57:46.993","2019-10-09 14:42:11.610",0,0,8158AB51-467E-47FE-9D1C-54D09E934B0D,0,0,23,015930449,03,00001
9633,28711,701,0,"2019-10-09 13:37:21.117","2019-10-09 14:14:42.897",0,0,45EB584B-BB3F-4EB5-916F-948939029229,0,0,35,015929110,01,00001
2121,28670,115,,"2019-10-09 13:53:23.783",,,,962B0050-4A0F-4131-8FAE-B6D0B2DB9982,,,21,015929215,01,00006
1806,28673,403,0,"2019-10-09 10:56:13.360","2019-10-09 11:29:56.353",0,0,FACA52B4-F94F-4CFF-B33C-5685689AECB3,0,0,07,015928812,01,00001
10155,28706,505,0,"2019-10-09 12:14:48.137","2019-10-09 13:45:34.450",0,0,A02498B0-2816-49D0-A79D-586FB9891748,0,0,27,015929590,01,00002
10155,28706,505,0,"2019-10-09 12:14:48.137","2019-10-09 13:45:34.450",0,0,A02498B0-2816-49D0-A79D-586FB9891748,0,0,13,015929479,01,00001
28891,28730,106,0,"2019-10-09 12:04:00.040","2019-10-09 13:54:04.800",0,0,E6CC0D57-DB1C-45E6-BECF-B10DA234385E,0,0,17,015911826,01,00037
4020,28709,502,0,"2019-10-09 11:12:59.307","2019-10-09 11:40:02.250",0,0,E9842627-5FA4-4D85-A0F4-C229957B5E25,0,0,17,015928685,01,00001
9911,28667,501,0,"2019-10-09 11:30:31.777","2019-10-09 12:29:13.803",0,0,74048EC8-07BD-4CFF-A947-DA994E93AA54,0,0,05,015929397,01,00001
2121,28731,114,,"2019-10-09 12:21:26.040",,,,00458863-54DF-4563-9B17-FC473DC0B17D,,,02,015930118,01,00001
10155,28767,403,0,"2019-10-09 13:46:55.847","2019-10-09 14:41:07.507",0,0,9E3AB940-D477-4B30-9F29-15F0BB9F295C,0,0,26,015930169,02,00001
10155,28767,403,0,"2019-10-09 13:46:55.847","2019-10-09 14:41:07.507",0,0,9E3AB940-D477-4B30-9F29-15F0BB9F295C,0,0,06,015930433,01,00001
4020,28708,111,0,"2019-10-09 11:59:49.170","2019-10-09 12:26:59.540",0,0,6565FE47-CCAD-49AA-8017-003CCFFD6179,0,0,05,015929472,01,00001
31976,28778,105,,"2019-10-09 14:43:23.463",,,,A0288D6A-BE5B-4A88-9445-C069B94BB132,,,08,015930510,01,00001
10235,28732,108,,"2019-10-09 13:07:30.173",,,,949CEF84-3278-4299-82E1-6338A483815C,,,09,015926199,01,00024
28792,28717,408,0,"2019-10-09 12:04:48.627","2019-10-09 13:43:05.377",0,0,9B121488-28F9-44BB-BBE7-F262C86CC78E,0,0,03,015929637,01,00001
9633,28711,701,0,"2019-10-09 13:37:21.117","2019-10-09 14:14:42.897",0,0,45EB584B-BB3F-4EB5-916F-948939029229,0,0,05,015929511,01,00001
10155,28767,403,0,"2019-10-09 13:46:55.847","2019-10-09 14:41:07.507",0,0,9E3AB940-D477-4B30-9F29-15F0BB9F295C,0,0,19,015929733,02,00001
1438,28672,103,0,"2019-10-09 12:01:05.937","2019-10-09 12:42:55.267",0,0,B224AD0F-2BA8-4410-908A-BC1D8D7958CD,0,0,09,015928643,01,00001
9633,28788,501,0,"2019-10-09 14:15:16.537","2019-10-09 15:05:26.910",0,0,D748C2B8-6FEB-497C-87A6-DF46A0742991,0,0,37,015930740,01,00001
10155,28779,702,,"2019-10-09 14:42:48.400",,,,1F746BF8-F13F-49DD-AD85-BA6A84517354,,,37,015930646,01,00001
1438,28714,304,0,"2019-10-09 12:43:02.923","2019-10-09 13:36:45.890",0,0,F744EFB2-A030-4168-B23E-2298D7628BA8,0,0,37,015929887,01,00003
4020,28708,111,0,"2019-10-09 11:59:49.170","2019-10-09 12:26:59.540",0,0,6565FE47-CCAD-49AA-8017-003CCFFD6179,0,0,02,015929614,01,00002
10155,28706,505,0,"2019-10-09 12:14:48.137","2019-10-09 13:45:34.450",0,0,A02498B0-2816-49D0-A79D-586FB9891748,0,0,15,015929586,01,00001
31976,28766,308,0,"2019-10-09 13:57:46.993","2019-10-09 14:42:11.610",0,0,8158AB51-467E-47FE-9D1C-54D09E934B0D,0,0,01,015930343,01,00001
9911,28716,306,0,"2019-10-09 13:49:56.690","2019-10-09 14:37:43.717",0,0,B41ED604-D213-452C-9431-84ACC866ECCB,0,0,02,015929987,01,00001
31976,28766,308,0,"2019-10-09 13:57:46.993","2019-10-09 14:42:11.610",0,0,8158AB51-467E-47FE-9D1C-54D09E934B0D,0,0,39,015930429,02,00001
1438,28714,304,0,"2019-10-09 12:43:02.923","2019-10-09 13:36:45.890",0,0,F744EFB2-A030-4168-B23E-2298D7628BA8,0,0,33,015929299,01,00002
1806,28673,403,0,"2019-10-09 10:56:13.360","2019-10-09 11:29:56.353",0,0,FACA52B4-F94F-4CFF-B33C-5685689AECB3,0,0,33,015916480,01,00054
10235,28710,602,1,"2019-10-09 11:49:24.393","2019-10-09 13:06:59.737",0,0,0DD7C714-A24A-4376-A838-FD4A5B2412B6,0,0,09,015929701,01,00004
31976,28669,601,0,"2019-10-09 11:08:06.020","2019-10-09 11:45:59.267",0,0,F3D16F75-F532-40C6-8C2E-BD3FBEBA6437,0,0,13,015912223,01,00009
4020,28709,502,0,"2019-10-09 11:12:59.307","2019-10-09 11:40:02.250",0,0,E9842627-5FA4-4D85-A0F4-C229957B5E25,0,0,03,015929469,02,00001
1806,28673,403,0,"2019-10-09 10:56:13.360","2019-10-09 11:29:56.353",0,0,FACA52B4-F94F-4CFF-B33C-5685689AECB3,0,0,15,015928942,01,00001
9911,28716,306,0,"2019-10-09 13:49:56.690","2019-10-09 14:37:43.717",0,0,B41ED604-D213-452C-9431-84ACC866ECCB,0,0,09,015929954,01,00002
10235,28732,108,,"2019-10-09 13:07:30.173",,,,949CEF84-3278-4299-82E1-6338A483815C,,,33,015930156,01,00001
10155,28767,403,0,"2019-10-09 13:46:55.847","2019-10-09 14:41:07.507",0,0,9E3AB940-D477-4B30-9F29-15F0BB9F295C,0,0,21,015930148,02,00001
4020,28733,110,0,"2019-10-09 13:00:40.690","2019-10-09 13:36:51.877",0,0,A553DE03-1E62-4C33-9E6A-F76802C2C771,0,0,05,015930193,01,00001
9911,28789,103,,"2019-10-09 14:37:50.967",,,,9AFC4642-34F2-481B-B142-BE576C663D75,,,05,015930614,02,00001
1438,28714,304,0,"2019-10-09 12:43:02.923","2019-10-09 13:36:45.890",0,0,F744EFB2-A030-4168-B23E-2298D7628BA8,0,0,07,015929921,02,00001
31976,28766,308,0,"2019-10-09 13:57:46.993","2019-10-09 14:42:11.610",0,0,8158AB51-467E-47FE-9D1C-54D09E934B0D,0,0,17,015929721,04,00001
4020,28708,111,0,"2019-10-09 11:59:49.170","2019-10-09 12:26:59.540",0,0,6565FE47-CCAD-49AA-8017-003CCFFD6179,0,0,03,015929834,01,00001
9633,28788,501,0,"2019-10-09 14:15:16.537","2019-10-09 15:05:26.910",0,0,D748C2B8-6FEB-497C-87A6-DF46A0742991,0,0,23,015930875,01,00004
9633,28711,701,0,"2019-10-09 13:37:21.117","2019-10-09 14:14:42.897",0,0,45EB584B-BB3F-4EB5-916F-948939029229,0,0,29,015929414,01,00001
9911,28667,501,0,"2019-10-09 11:30:31.777","2019-10-09 12:29:13.803",0,0,74048EC8-07BD-4CFF-A947-DA994E93AA54,0,0,14,015928407,01,00001
10235,28710,602,1,"2019-10-09 11:49:24.393","2019-10-09 13:06:59.737",0,0,0DD7C714-A24A-4376-A838-FD4A5B2412B6,0,0,21,015929601,01,00005
10155,28706,505,0,"2019-10-09 12:14:48.137","2019-10-09 13:45:34.450",0,0,A02498B0-2816-49D0-A79D-586FB9891748,0,0,04,015929475,01,00001
1806,28673,403,0,"2019-10-09 10:56:13.360","2019-10-09 11:29:56.353",0,0,FACA52B4-F94F-4CFF-B33C-5685689AECB3,0,0,04,015928720,01,00001
28891,28730,106,0,"2019-10-09 12:04:00.040","2019-10-09 13:54:04.800",0,0,E6CC0D57-DB1C-45E6-BECF-B10DA234385E,0,0,39,015930034,01,00004
9633,28711,701,0,"2019-10-09 13:37:21.117","2019-10-09 14:14:42.897",0,0,45EB584B-BB3F-4EB5-916F-948939029229,0,0,36,015929171,01,00001
1438,28672,103,0,"2019-10-09 12:01:05.937","2019-10-09 12:42:55.267",0,0,B224AD0F-2BA8-4410-908A-BC1D8D7958CD,0,0,39,015912127,01,00013
1806,28673,403,0,"2019-10-09 10:56:13.360","2019-10-09 11:29:56.353",0,0,FACA52B4-F94F-4CFF-B33C-5685689AECB3,0,0,34,015929226,01,00001
31976,28668,603,0,"2019-10-09 11:46:57.170","2019-10-09 13:56:54.647",0,0,98A54BCD-3018-42BF-B43D-CAF08A0EE6D8,1,0,05,015929075,01,00002
9633,28711,701,0,"2019-10-09 13:37:21.117","2019-10-09 14:14:42.897",0,0,45EB584B-BB3F-4EB5-916F-948939029229,0,0,31,015929566,01,00001
31976,28669,601,0,"2019-10-09 11:08:06.020","2019-10-09 11:45:59.267",0,0,F3D16F75-F532-40C6-8C2E-BD3FBEBA6437,0,0,11,015929209,01,00002
10155,28767,403,0,"2019-10-09 13:46:55.847","2019-10-09 14:41:07.507",0,0,9E3AB940-D477-4B30-9F29-15F0BB9F295C,0,0,33,015929597,04,00001
10235,28710,602,1,"2019-10-09 11:49:24.393","2019-10-09 13:06:59.737",0,0,0DD7C714-A24A-4376-A838-FD4A5B2412B6,0,0,33,015929735,01,00001
9633,28711,701,0,"2019-10-09 13:37:21.117","2019-10-09 14:14:42.897",0,0,45EB584B-BB3F-4EB5-916F-948939029229,0,0,33,015929108,01,00001
4020,28733,110,0,"2019-10-09 13:00:40.690","2019-10-09 13:36:51.877",0,0,A553DE03-1E62-4C33-9E6A-F76802C2C771,0,0,01,015930167,01,00006
2121,28731,114,,"2019-10-09 12:21:26.040",,,,00458863-54DF-4563-9B17-FC473DC0B17D,,,25,015929238,01,00005
31976,28669,601,0,"2019-10-09 11:08:06.020","2019-10-09 11:45:59.267",0,0,F3D16F75-F532-40C6-8C2E-BD3FBEBA6437,0,0,09,015929245,01,00001
28891,28747,601,,"2019-10-09 14:31:44.540",,,,CEEBED59-684F-408C-A371-72DE90740E35,,,03,015930267,01,00001
28792,28747,601,0,"2019-10-09 13:11:19.110","2019-10-09 14:31:26.633",0,0,07BC50FB-AEFF-403A-AAD9-F583C3EFA4BD,0,0,03,015930267,01,00001
31976,28766,308,0,"2019-10-09 13:57:46.993","2019-10-09 14:42:11.610",0,0,8158AB51-467E-47FE-9D1C-54D09E934B0D,0,0,29,015929726,02,00001
1438,28672,103,0,"2019-10-09 12:01:05.937","2019-10-09 12:42:55.267",0,0,B224AD0F-2BA8-4410-908A-BC1D8D7958CD,0,0,05,015929243,01,00001
2121,28731,114,,"2019-10-09 12:21:26.040",,,,00458863-54DF-4563-9B17-FC473DC0B17D,,,08,015930141,01,00001
10155,28767,403,0,"2019-10-09 13:46:55.847","2019-10-09 14:41:07.507",0,0,9E3AB940-D477-4B30-9F29-15F0BB9F295C,0,0,28,015930171,02,00001
10155,28779,702,,"2019-10-09 14:42:48.400",,,,1F746BF8-F13F-49DD-AD85-BA6A84517354,,,29,015930592,01,00001
10155,28706,505,0,"2019-10-09 12:14:48.137","2019-10-09 13:45:34.450",0,0,A02498B0-2816-49D0-A79D-586FB9891748,0,0,14,015929502,01,00001
10155,28779,702,,"2019-10-09 14:42:48.400",,,,1F746BF8-F13F-49DD-AD85-BA6A84517354,,,02,015930537,01,00001
1806,28673,403,0,"2019-10-09 10:56:13.360","2019-10-09 11:29:56.353",0,0,FACA52B4-F94F-4CFF-B33C-5685689AECB3,0,0,30,015928554,01,00001
9633,28707,604,0,"2019-10-09 11:31:45.107","2019-10-09 12:08:26.473",0,0,F1BE8EA0-A986-434B-BDE8-C85EA203C61B,0,0,25,015929513,01,00003
9633,28707,604,0,"2019-10-09 11:31:45.107","2019-10-09 12:08:26.473",0,0,F1BE8EA0-A986-434B-BDE8-C85EA203C61B,0,0,13,015929706,01,00003
1806,28673,403,0,"2019-10-09 10:56:13.360","2019-10-09 11:29:56.353",0,0,FACA52B4-F94F-4CFF-B33C-5685689AECB3,0,0,36,015928800,01,00001
31976,28668,603,0,"2019-10-09 11:46:57.170","2019-10-09 13:56:54.647",0,0,98A54BCD-3018-42BF-B43D-CAF08A0EE6D8,1,0,29,015929055,01,00004
31976,28669,601,0,"2019-10-09 11:08:06.020","2019-10-09 11:45:59.267",0,0,F3D16F75-F532-40C6-8C2E-BD3FBEBA6437,0,0,03,015929047,01,00001
9911,28716,306,0,"2019-10-09 13:49:56.690","2019-10-09 14:37:43.717",0,0,B41ED604-D213-452C-9431-84ACC866ECCB,0,0,15,015929914,01,00001
10235,28710,602,1,"2019-10-09 11:49:24.393","2019-10-09 13:06:59.737",0,0,0DD7C714-A24A-4376-A838-FD4A5B2412B6,0,0,37,015929220,01,00004
28891,28730,106,0,"2019-10-09 12:04:00.040","2019-10-09 13:54:04.800",0,0,E6CC0D57-DB1C-45E6-BECF-B10DA234385E,0,0,13,015928767,01,00001
9633,28788,501,0,"2019-10-09 14:15:16.537","2019-10-09 15:05:26.910",0,0,D748C2B8-6FEB-497C-87A6-DF46A0742991,0,0,31,015930701,01,00001
9633,28711,701,0,"2019-10-09 13:37:21.117","2019-10-09 14:14:42.897",0,0,45EB584B-BB3F-4EB5-916F-948939029229,0,0,17,015929102,01,00001
9633,28711,701,0,"2019-10-09 13:37:21.117","2019-10-09 14:14:42.897",0,0,45EB584B-BB3F-4EB5-916F-948939029229,0,0,04,015929354,01,00001
31976,28669,601,0,"2019-10-09 11:08:06.020","2019-10-09 11:45:59.267",0,0,F3D16F75-F532-40C6-8C2E-BD3FBEBA6437,0,0,07,015929350,01,00001
9911,28789,103,,"2019-10-09 14:37:50.967",,,,9AFC4642-34F2-481B-B142-BE576C663D75,,,08,015930603,02,00001
10155,28767,403,0,"2019-10-09 13:46:55.847","2019-10-09 14:41:07.507",0,0,9E3AB940-D477-4B30-9F29-15F0BB9F295C,0,0,35,015929976,04,00001
4020,28733,110,0,"2019-10-09 13:00:40.690","2019-10-09 13:36:51.877",0,0,A553DE03-1E62-4C33-9E6A-F76802C2C771,0,0,07,015930196,01,00002
9911,28667,501,0,"2019-10-09 11:30:31.777","2019-10-09 12:29:13.803",0,0,74048EC8-07BD-4CFF-A947-DA994E93AA54,0,0,09,015929224,01,00001
9911,28674,308,0,"2019-10-09 10:56:01.063","2019-10-09 11:30:22.590",0,0,F3093453-0D4E-4DE4-8DE6-1BD9321EFCEC,0,0,33,015916468,01,00017
9911,28674,308,0,"2019-10-09 10:56:01.063","2019-10-09 11:30:22.590",0,0,F3093453-0D4E-4DE4-8DE6-1BD9321EFCEC,0,0,15,015911866,01,00013
10155,28767,403,0,"2019-10-09 13:46:55.847","2019-10-09 14:41:07.507",0,0,9E3AB940-D477-4B30-9F29-15F0BB9F295C,0,0,03,015930422,01,00002
28891,28747,601,,"2019-10-09 14:31:44.540",,,,CEEBED59-684F-408C-A371-72DE90740E35,,,13,015930291,01,00006
28792,28747,601,0,"2019-10-09 13:11:19.110","2019-10-09 14:31:26.633",0,0,07BC50FB-AEFF-403A-AAD9-F583C3EFA4BD,0,0,13,015930291,01,00006
10235,28732,108,,"2019-10-09 13:07:30.173",,,,949CEF84-3278-4299-82E1-6338A483815C,,,01,015928731,01,00001
1806,28673,403,0,"2019-10-09 10:56:13.360","2019-10-09 11:29:56.353",0,0,FACA52B4-F94F-4CFF-B33C-5685689AECB3,0,0,10,015928863,01,00001
2121,28731,114,,"2019-10-09 12:21:26.040",,,,00458863-54DF-4563-9B17-FC473DC0B17D,,,35,015930109,01,00001
28792,28717,408,0,"2019-10-09 12:04:48.627","2019-10-09 13:43:05.377",0,0,9B121488-28F9-44BB-BBE7-F262C86CC78E,0,0,28,015929927,02,00001
31976,28668,603,0,"2019-10-09 11:46:57.170","2019-10-09 13:56:54.647",0,0,98A54BCD-3018-42BF-B43D-CAF08A0EE6D8,1,0,25,015929363,01,00002
9911,28667,501,0,"2019-10-09 11:30:31.777","2019-10-09 12:29:13.803",0,0,74048EC8-07BD-4CFF-A947-DA994E93AA54,0,0,12,015929123,01,00001
9633,28788,501,0,"2019-10-09 14:15:16.537","2019-10-09 15:05:26.910",0,0,D748C2B8-6FEB-497C-87A6-DF46A0742991,0,0,39,015930738,01,00001
31976,28668,603,0,"2019-10-09 11:46:57.170","2019-10-09 13:56:54.647",0,0,98A54BCD-3018-42BF-B43D-CAF08A0EE6D8,1,0,27,015929069,01,00002
9633,28711,701,0,"2019-10-09 13:37:21.117","2019-10-09 14:14:42.897",0,0,45EB584B-BB3F-4EB5-916F-948939029229,0,0,15,015929106,01,00001
9633,28707,604,0,"2019-10-09 11:31:45.107","2019-10-09 12:08:26.473",0,0,F1BE8EA0-A986-434B-BDE8-C85EA203C61B,0,0,05,015929829,01,00010
9911,28667,501,0,"2019-10-09 11:30:31.777","2019-10-09 12:29:13.803",0,0,74048EC8-07BD-4CFF-A947-DA994E93AA54,0,0,01,015929293,01,00001
10155,28706,505,0,"2019-10-09 12:14:48.137","2019-10-09 13:45:34.450",0,0,A02498B0-2816-49D0-A79D-586FB9891748,0,0,11,015929755,01,00001
9911,28789,103,,"2019-10-09 14:37:50.967",,,,9AFC4642-34F2-481B-B142-BE576C663D75,,,21,015930855,01,00008
9911,28716,306,0,"2019-10-09 13:49:56.690","2019-10-09 14:37:43.717",0,0,B41ED604-D213-452C-9431-84ACC866ECCB,0,0,05,015929982,01,00001
28792,28717,408,0,"2019-10-09 12:04:48.627","2019-10-09 13:43:05.377",0,0,9B121488-28F9-44BB-BBE7-F262C86CC78E,0,0,38,015930007,02,00001
1438,28672,103,0,"2019-10-09 12:01:05.937","2019-10-09 12:42:55.267",0,0,B224AD0F-2BA8-4410-908A-BC1D8D7958CD,0,0,17,015912232,01,00010
1438,28851,101,,"2019-10-09 15:05:03.217",,,,58629D78-1F38-4460-B697-884E47572C0F,,,21,015931216,01,00002
10155,28706,505,0,"2019-10-09 12:14:48.137","2019-10-09 13:45:34.450",0,0,A02498B0-2816-49D0-A79D-586FB9891748,0,0,16,015929624,01,00001
31976,28669,601,0,"2019-10-09 11:08:06.020","2019-10-09 11:45:59.267",0,0,F3D16F75-F532-40C6-8C2E-BD3FBEBA6437,0,0,31,015916536,01,00013
10155,28767,403,0,"2019-10-09 13:46:55.847","2019-10-09 14:41:07.507",0,0,9E3AB940-D477-4B30-9F29-15F0BB9F295C,0,0,40,015930414,03,00001
31976,28766,308,0,"2019-10-09 13:57:46.993","2019-10-09 14:42:11.610",0,0,8158AB51-467E-47FE-9D1C-54D09E934B0D,0,0,13,015930388,01,00002
9911,28789,103,,"2019-10-09 14:37:50.967",,,,9AFC4642-34F2-481B-B142-BE576C663D75,,,29,015930806,01,00006
1438,28714,304,0,"2019-10-09 12:43:02.923","2019-10-09 13:36:45.890",0,0,F744EFB2-A030-4168-B23E-2298D7628BA8,0,0,05,015929874,02,00001
9633,28707,604,0,"2019-10-09 11:31:45.107","2019-10-09 12:08:26.473",0,0,F1BE8EA0-A986-434B-BDE8-C85EA203C61B,0,0,01,015929623,01,00001
9633,28711,701,0,"2019-10-09 13:37:21.117","2019-10-09 14:14:42.897",0,0,45EB584B-BB3F-4EB5-916F-948939029229,0,0,21,015929633,01,00001
10235,28710,602,1,"2019-10-09 11:49:24.393","2019-10-09 13:06:59.737",0,0,0DD7C714-A24A-4376-A838-FD4A5B2412B6,0,0,13,015929617,01,00003
4020,28709,502,0,"2019-10-09 11:12:59.307","2019-10-09 11:40:02.250",0,0,E9842627-5FA4-4D85-A0F4-C229957B5E25,0,0,35,015929835,01,00001
4020,28708,111,0,"2019-10-09 11:59:49.170","2019-10-09 12:26:59.540",0,0,6565FE47-CCAD-49AA-8017-003CCFFD6179,0,0,08,015929551,01,00001
10235,28732,108,,"2019-10-09 13:07:30.173",,,,949CEF84-3278-4299-82E1-6338A483815C,,,06,015930156,01,00002
1806,28673,403,0,"2019-10-09 10:56:13.360","2019-10-09 11:29:56.353",0,0,FACA52B4-F94F-4CFF-B33C-5685689AECB3,0,0,37,015928842,01,00002
9911,28789,103,,"2019-10-09 14:37:50.967",,,,9AFC4642-34F2-481B-B142-BE576C663D75,,,07,015930602,02,00001
28792,28717,408,0,"2019-10-09 12:04:48.627","2019-10-09 13:43:05.377",0,0,9B121488-28F9-44BB-BBE7-F262C86CC78E,0,0,05,015929743,01,00001
1438,28672,103,0,"2019-10-09 12:01:05.937","2019-10-09 12:42:55.267",0,0,B224AD0F-2BA8-4410-908A-BC1D8D7958CD,0,0,21,015912260,01,00035
1438,28714,304,0,"2019-10-09 12:43:02.923","2019-10-09 13:36:45.890",0,0,F744EFB2-A030-4168-B23E-2298D7628BA8,0,0,11,015929963,01,00001
9633,28788,501,0,"2019-10-09 14:15:16.537","2019-10-09 15:05:26.910",0,0,D748C2B8-6FEB-497C-87A6-DF46A0742991,0,0,19,015930760,01,00001
9633,28711,701,0,"2019-10-09 13:37:21.117","2019-10-09 14:14:42.897",0,0,45EB584B-BB3F-4EB5-916F-948939029229,0,0,37,015929200,01,00001
31976,28669,601,0,"2019-10-09 11:08:06.020","2019-10-09 11:45:59.267",0,0,F3D16F75-F532-40C6-8C2E-BD3FBEBA6437,0,0,04,015929198,01,00001
9911,28674,308,0,"2019-10-09 10:56:01.063","2019-10-09 11:30:22.590",0,0,F3093453-0D4E-4DE4-8DE6-1BD9321EFCEC,0,0,35,015929258,01,00002
4020,28709,502,0,"2019-10-09 11:12:59.307","2019-10-09 11:40:02.250",0,0,E9842627-5FA4-4D85-A0F4-C229957B5E25,0,0,23,015912154,01,00001
10155,28706,505,0,"2019-10-09 12:14:48.137","2019-10-09 13:45:34.450",0,0,A02498B0-2816-49D0-A79D-586FB9891748,0,0,02,015929459,01,00004
1438,28714,304,0,"2019-10-09 12:43:02.923","2019-10-09 13:36:45.890",0,0,F744EFB2-A030-4168-B23E-2298D7628BA8,0,0,02,015930014,01,00002
28792,28717,408,0,"2019-10-09 12:04:48.627","2019-10-09 13:43:05.377",0,0,9B121488-28F9-44BB-BBE7-F262C86CC78E,0,0,08,015929830,01,00001
1806,28673,403,0,"2019-10-09 10:56:13.360","2019-10-09 11:29:56.353",0,0,FACA52B4-F94F-4CFF-B33C-5685689AECB3,0,0,09,015928827,01,00001
31976,28668,603,0,"2019-10-09 11:46:57.170","2019-10-09 13:56:54.647",0,0,98A54BCD-3018-42BF-B43D-CAF08A0EE6D8,1,0,35,015928940,01,00003
28891,28730,106,0,"2019-10-09 12:04:00.040","2019-10-09 13:54:04.800",0,0,E6CC0D57-DB1C-45E6-BECF-B10DA234385E,0,0,05,015930093,01,00001
31976,28766,308,0,"2019-10-09 13:57:46.993","2019-10-09 14:42:11.610",0,0,8158AB51-467E-47FE-9D1C-54D09E934B0D,0,0,35,015929731,02,00001
10155,28706,505,0,"2019-10-09 12:14:48.137","2019-10-09 13:45:34.450",0,0,A02498B0-2816-49D0-A79D-586FB9891748,0,0,05,015929488,01,00001
4020,28708,111,0,"2019-10-09 11:59:49.170","2019-10-09 12:26:59.540",0,0,6565FE47-CCAD-49AA-8017-003CCFFD6179,0,0,01,015929466,01,00005
28792,28717,408,0,"2019-10-09 12:04:48.627","2019-10-09 13:43:05.377",0,0,9B121488-28F9-44BB-BBE7-F262C86CC78E,0,0,30,015929964,02,00001
10155,28706,505,0,"2019-10-09 12:14:48.137","2019-10-09 13:45:34.450",0,0,A02498B0-2816-49D0-A79D-586FB9891748,0,0,39,015911810,01,00025
4020,28708,111,0,"2019-10-09 11:59:49.170","2019-10-09 12:26:59.540",0,0,6565FE47-CCAD-49AA-8017-003CCFFD6179,0,0,37,015928682,01,00002
31976,28668,603,0,"2019-10-09 11:46:57.170","2019-10-09 13:56:54.647",0,0,98A54BCD-3018-42BF-B43D-CAF08A0EE6D8,1,0,33,015929058,01,00001
2121,28731,114,,"2019-10-09 12:21:26.040",,,,00458863-54DF-4563-9B17-FC473DC0B17D,,,37,015930133,01,00001
9911,28716,306,0,"2019-10-09 13:49:56.690","2019-10-09 14:37:43.717",0,0,B41ED604-D213-452C-9431-84ACC866ECCB,0,0,08,015929682,01,00001
1438,28672,103,0,"2019-10-09 12:01:05.937","2019-10-09 12:42:55.267",0,0,B224AD0F-2BA8-4410-908A-BC1D8D7958CD,0,0,25,015929394,01,00002
31976,28778,105,,"2019-10-09 14:43:23.463",,,,A0288D6A-BE5B-4A88-9445-C069B94BB132,,,21,015930548,01,00001
10155,28706,505,0,"2019-10-09 12:14:48.137","2019-10-09 13:45:34.450",0,0,A02498B0-2816-49D0-A79D-586FB9891748,0,0,17,015929468,01,00001
1438,28714,304,0,"2019-10-09 12:43:02.923","2019-10-09 13:36:45.890",0,0,F744EFB2-A030-4168-B23E-2298D7628BA8,0,0,13,015916571,01,00017
10155,28767,403,0,"2019-10-09 13:46:55.847","2019-10-09 14:41:07.507",0,0,9E3AB940-D477-4B30-9F29-15F0BB9F295C,0,0,37,015930177,04,00001
31976,28766,308,0,"2019-10-09 13:57:46.993","2019-10-09 14:42:11.610",0,0,8158AB51-467E-47FE-9D1C-54D09E934B0D,0,0,06,015930378,01,00002
2121,28670,115,,"2019-10-09 13:53:23.783",,,,962B0050-4A0F-4131-8FAE-B6D0B2DB9982,,,01,015928947,01,00007
28891,28747,601,,"2019-10-09 14:31:44.540",,,,CEEBED59-684F-408C-A371-72DE90740E35,,,05,015930274,01,00001
28792,28747,601,0,"2019-10-09 13:11:19.110","2019-10-09 14:31:26.633",0,0,07BC50FB-AEFF-403A-AAD9-F583C3EFA4BD,0,0,05,015930274,01,00001
10235,28732,108,,"2019-10-09 13:07:30.173",,,,949CEF84-3278-4299-82E1-6338A483815C,,,13,015928714,01,00004
9911,28789,103,,"2019-10-09 14:37:50.967",,,,9AFC4642-34F2-481B-B142-BE576C663D75,,,03,015930594,02,00001
4020,28709,502,0,"2019-10-09 11:12:59.307","2019-10-09 11:40:02.250",0,0,E9842627-5FA4-4D85-A0F4-C229957B5E25,0,0,06,015929578,01,00001
28792,28717,408,0,"2019-10-09 12:04:48.627","2019-10-09 13:43:05.377",0,0,9B121488-28F9-44BB-BBE7-F262C86CC78E,0,0,06,015929745,01,00001
28891,28730,106,0,"2019-10-09 12:04:00.040","2019-10-09 13:54:04.800",0,0,E6CC0D57-DB1C-45E6-BECF-B10DA234385E,0,0,06,015930104,01,00001
10155,28779,702,,"2019-10-09 14:42:48.400",,,,1F746BF8-F13F-49DD-AD85-BA6A84517354,,,09,015930579,01,00001
31976,28778,105,,"2019-10-09 14:43:23.463",,,,A0288D6A-BE5B-4A88-9445-C069B94BB132,,,04,015930493,01,00001
31976,28778,105,,"2019-10-09 14:43:23.463",,,,A0288D6A-BE5B-4A88-9445-C069B94BB132,,,39,015930572,01,00008
2121,28731,114,,"2019-10-09 12:21:26.040",,,,00458863-54DF-4563-9B17-FC473DC0B17D,,,21,015916480,01,00053
9911,28667,501,0,"2019-10-09 11:30:31.777","2019-10-09 12:29:13.803",0,0,74048EC8-07BD-4CFF-A947-DA994E93AA54,0,0,31,015929063,01,00003
9911,28716,306,0,"2019-10-09 13:49:56.690","2019-10-09 14:37:43.717",0,0,B41ED604-D213-452C-9431-84ACC866ECCB,0,0,27,015929606,01,00001
28792,28717,408,0,"2019-10-09 12:04:48.627","2019-10-09 13:43:05.377",0,0,9B121488-28F9-44BB-BBE7-F262C86CC78E,0,0,36,015929996,03,00001
9633,28788,501,0,"2019-10-09 14:15:16.537","2019-10-09 15:05:26.910",0,0,D748C2B8-6FEB-497C-87A6-DF46A0742991,0,0,05,015930815,01,00001
1397,28671,101,0,"2019-10-09 12:01:35.717","2019-10-09 13:42:19.210",0,0,C9947C7D-3F1F-4B54-B9DC-313C7EF29385,0,0,17,015912009,01,00001
2121,28731,114,,"2019-10-09 12:21:26.040",,,,00458863-54DF-4563-9B17-FC473DC0B17D,,,09,015930040,01,00002
9911,28674,308,0,"2019-10-09 10:56:01.063","2019-10-09 11:30:22.590",0,0,F3093453-0D4E-4DE4-8DE6-1BD9321EFCEC,0,0,23,015916464,01,00017
10155,28767,403,0,"2019-10-09 13:46:55.847","2019-10-09 14:41:07.507",0,0,9E3AB940-D477-4B30-9F29-15F0BB9F295C,0,0,01,015930402,01,00001
9633,28711,701,0,"2019-10-09 13:37:21.117","2019-10-09 14:14:42.897",0,0,45EB584B-BB3F-4EB5-916F-948939029229,0,0,13,015929104,01,00001
31976,28668,603,0,"2019-10-09 11:46:57.170","2019-10-09 13:56:54.647",0,0,98A54BCD-3018-42BF-B43D-CAF08A0EE6D8,1,0,17,015929347,01,00005
10155,28779,702,,"2019-10-09 14:42:48.400",,,,1F746BF8-F13F-49DD-AD85-BA6A84517354,,,13,015930622,01,00001
10155,28779,702,,"2019-10-09 14:42:48.400",,,,1F746BF8-F13F-49DD-AD85-BA6A84517354,,,03,015930538,01,00001
4020,28709,502,0,"2019-10-09 11:12:59.307","2019-10-09 11:40:02.250",0,0,E9842627-5FA4-4D85-A0F4-C229957B5E25,0,0,25,015916660,01,00034
9633,28711,701,0,"2019-10-09 13:37:21.117","2019-10-09 14:14:42.897",0,0,45EB584B-BB3F-4EB5-916F-948939029229,0,0,16,015929107,01,00001
10155,28706,505,0,"2019-10-09 12:14:48.137","2019-10-09 13:45:34.450",0,0,A02498B0-2816-49D0-A79D-586FB9891748,0,0,07,015929589,01,00003
9911,28667,501,0,"2019-10-09 11:30:31.777","2019-10-09 12:29:13.803",0,0,74048EC8-07BD-4CFF-A947-DA994E93AA54,0,0,08,015929213,01,00005
28891,28730,106,0,"2019-10-09 12:04:00.040","2019-10-09 13:54:04.800",0,0,E6CC0D57-DB1C-45E6-BECF-B10DA234385E,0,0,15,015929247,01,00001
28792,28717,408,0,"2019-10-09 12:04:48.627","2019-10-09 13:43:05.377",0,0,9B121488-28F9-44BB-BBE7-F262C86CC78E,0,0,31,015929992,05,00001
31976,28668,603,0,"2019-10-09 11:46:57.170","2019-10-09 13:56:54.647",0,0,98A54BCD-3018-42BF-B43D-CAF08A0EE6D8,1,0,39,015929319,01,00001
28891,28747,601,,"2019-10-09 14:31:44.540",,,,CEEBED59-684F-408C-A371-72DE90740E35,,,25,015929749,02,00001
28792,28747,601,0,"2019-10-09 13:11:19.110","2019-10-09 14:31:26.633",0,0,07BC50FB-AEFF-403A-AAD9-F583C3EFA4BD,0,0,25,015929749,02,00001
1806,28673,403,0,"2019-10-09 10:56:13.360","2019-10-09 11:29:56.353",0,0,FACA52B4-F94F-4CFF-B33C-5685689AECB3,0,0,02,015928716,01,00002
28792,28717,408,0,"2019-10-09 12:04:48.627","2019-10-09 13:43:05.377",0,0,9B121488-28F9-44BB-BBE7-F262C86CC78E,0,0,40,015930026,02,00001
31976,28669,601,0,"2019-10-09 11:08:06.020","2019-10-09 11:45:59.267",0,0,F3D16F75-F532-40C6-8C2E-BD3FBEBA6437,0,0,02,015928955,01,00001
9911,28674,308,0,"2019-10-09 10:56:01.063","2019-10-09 11:30:22.590",0,0,F3093453-0D4E-4DE4-8DE6-1BD9321EFCEC,0,0,25,015912174,01,00013
9633,28707,604,0,"2019-10-09 11:31:45.107","2019-10-09 12:08:26.473",0,0,F1BE8EA0-A986-434B-BDE8-C85EA203C61B,0,0,31,015929647,01,00001
1397,28671,101,0,"2019-10-09 12:01:35.717","2019-10-09 13:42:19.210",0,0,C9947C7D-3F1F-4B54-B9DC-313C7EF29385,0,0,35,015929184,01,00002
9911,28716,306,0,"2019-10-09 13:49:56.690","2019-10-09 14:37:43.717",0,0,B41ED604-D213-452C-9431-84ACC866ECCB,0,0,21,015929054,01,00001
1806,28673,403,0,"2019-10-09 10:56:13.360","2019-10-09 11:29:56.353",0,0,FACA52B4-F94F-4CFF-B33C-5685689AECB3,0,0,01,015928687,01,00001
9633,28707,604,0,"2019-10-09 11:31:45.107","2019-10-09 12:08:26.473",0,0,F1BE8EA0-A986-434B-BDE8-C85EA203C61B,0,0,39,015929505,01,00001
4020,28709,502,0,"2019-10-09 11:12:59.307","2019-10-09 11:40:02.250",0,0,E9842627-5FA4-4D85-A0F4-C229957B5E25,0,0,29,015929231,01,00004
31976,28778,105,,"2019-10-09 14:43:23.463",,,,A0288D6A-BE5B-4A88-9445-C069B94BB132,,,09,015930484,01,00001
2121,28670,115,,"2019-10-09 13:53:23.783",,,,962B0050-4A0F-4131-8FAE-B6D0B2DB9982,,,08,015928905,01,00001
1806,28673,403,0,"2019-10-09 10:56:13.360","2019-10-09 11:29:56.353",0,0,FACA52B4-F94F-4CFF-B33C-5685689AECB3,0,0,28,015929072,01,00001
1438,28714,304,0,"2019-10-09 12:43:02.923","2019-10-09 13:36:45.890",0,0,F744EFB2-A030-4168-B23E-2298D7628BA8,0,0,04,015929873,03,00001
28792,28717,408,0,"2019-10-09 12:04:48.627","2019-10-09 13:43:05.377",0,0,9B121488-28F9-44BB-BBE7-F262C86CC78E,0,0,20,015929979,01,00001
9911,28716,306,0,"2019-10-09 13:49:56.690","2019-10-09 14:37:43.717",0,0,B41ED604-D213-452C-9431-84ACC866ECCB,0,0,07,015929878,01,00001
28792,28717,408,0,"2019-10-09 12:04:48.627","2019-10-09 13:43:05.377",0,0,9B121488-28F9-44BB-BBE7-F262C86CC78E,0,0,09,015929859,01,00001
9911,28716,306,0,"2019-10-09 13:49:56.690","2019-10-09 14:37:43.717",0,0,B41ED604-D213-452C-9431-84ACC866ECCB,0,0,25,015929548,01,00001
31976,28778,105,,"2019-10-09 14:43:23.463",,,,A0288D6A-BE5B-4A88-9445-C069B94BB132,,,33,015930558,01,00001
31976,28669,601,0,"2019-10-09 11:08:06.020","2019-10-09 11:45:59.267",0,0,F3D16F75-F532-40C6-8C2E-BD3FBEBA6437,0,0,15,015916458,01,00009
10155,28779,702,,"2019-10-09 14:42:48.400",,,,1F746BF8-F13F-49DD-AD85-BA6A84517354,,,08,015930570,01,00002
9633,28707,604,0,"2019-10-09 11:31:45.107","2019-10-09 12:08:26.473",0,0,F1BE8EA0-A986-434B-BDE8-C85EA203C61B,0,0,37,015929495,01,00002
2121,28731,114,,"2019-10-09 12:21:26.040",,,,00458863-54DF-4563-9B17-FC473DC0B17D,,,04,015930125,01,00001
10155,28767,403,0,"2019-10-09 13:46:55.847","2019-10-09 14:41:07.507",0,0,9E3AB940-D477-4B30-9F29-15F0BB9F295C,0,0,31,015930174,02,00001
9911,28716,306,0,"2019-10-09 13:49:56.690","2019-10-09 14:37:43.717",0,0,B41ED604-D213-452C-9431-84ACC866ECCB,0,0,31,015929537,01,00001
1438,28672,103,0,"2019-10-09 12:01:05.937","2019-10-09 12:42:55.267",0,0,B224AD0F-2BA8-4410-908A-BC1D8D7958CD,0,0,08,015928785,01,00001
10235,28710,602,1,"2019-10-09 11:49:24.393","2019-10-09 13:06:59.737",0,0,0DD7C714-A24A-4376-A838-FD4A5B2412B6,0,0,39,015928761,01,00001
9911,28789,103,,"2019-10-09 14:37:50.967",,,,9AFC4642-34F2-481B-B142-BE576C663D75,,,33,015930733,01,00002
1806,28673,403,0,"2019-10-09 10:56:13.360","2019-10-09 11:29:56.353",0,0,FACA52B4-F94F-4CFF-B33C-5685689AECB3,0,0,12,015928908,01,00002
28891,28747,601,,"2019-10-09 14:31:44.540",,,,CEEBED59-684F-408C-A371-72DE90740E35,,,07,015930289,01,00001
28792,28747,601,0,"2019-10-09 13:11:19.110","2019-10-09 14:31:26.633",0,0,07BC50FB-AEFF-403A-AAD9-F583C3EFA4BD,0,0,07,015930289,01,00001
4020,28709,502,0,"2019-10-09 11:12:59.307","2019-10-09 11:40:02.250",0,0,E9842627-5FA4-4D85-A0F4-C229957B5E25,0,0,15,015929689,02,00001
1438,28672,103,0,"2019-10-09 12:01:05.937","2019-10-09 12:42:55.267",0,0,B224AD0F-2BA8-4410-908A-BC1D8D7958CD,0,0,15,015928610,01,00002
9911,28716,306,0,"2019-10-09 13:49:56.690","2019-10-09 14:37:43.717",0,0,B41ED604-D213-452C-9431-84ACC866ECCB,0,0,35,015929948,01,00001
28792,28717,408,0,"2019-10-09 12:04:48.627","2019-10-09 13:43:05.377",0,0,9B121488-28F9-44BB-BBE7-F262C86CC78E,0,0,12,015929931,01,00001
10155,28779,702,,"2019-10-09 14:42:48.400",,,,1F746BF8-F13F-49DD-AD85-BA6A84517354,,,16,015930631,01,00001
31976,28778,105,,"2019-10-09 14:43:23.463",,,,A0288D6A-BE5B-4A88-9445-C069B94BB132,,,25,015930541,04,00001
9633,28788,501,0,"2019-10-09 14:15:16.537","2019-10-09 15:05:26.910",0,0,D748C2B8-6FEB-497C-87A6-DF46A0742991,0,0,13,015929999,02,00001
9911,28667,501,0,"2019-10-09 11:30:31.777","2019-10-09 12:29:13.803",0,0,74048EC8-07BD-4CFF-A947-DA994E93AA54,0,0,06,015928711,01,00001
9633,28711,701,0,"2019-10-09 13:37:21.117","2019-10-09 14:14:42.897",0,0,45EB584B-BB3F-4EB5-916F-948939029229,0,0,38,015929265,01,00001
10235,28710,602,1,"2019-10-09 11:49:24.393","2019-10-09 13:06:59.737",0,0,0DD7C714-A24A-4376-A838-FD4A5B2412B6,0,0,05,015929467,01,00001
10155,28779,702,,"2019-10-09 14:42:48.400",,,,1F746BF8-F13F-49DD-AD85-BA6A84517354,,,10,015930583,01,00001
10235,28732,108,,"2019-10-09 13:07:30.173",,,,949CEF84-3278-4299-82E1-6338A483815C,,,15,015929587,01,00003
1806,28673,403,0,"2019-10-09 10:56:13.360","2019-10-09 11:29:56.353",0,0,FACA52B4-F94F-4CFF-B33C-5685689AECB3,0,0,16,015929085,02,00001
1397,28671,101,0,"2019-10-09 12:01:35.717","2019-10-09 13:42:19.210",0,0,C9947C7D-3F1F-4B54-B9DC-313C7EF29385,0,0,39,015916474,01,00009
9633,28711,701,0,"2019-10-09 13:37:21.117","2019-10-09 14:14:42.897",0,0,45EB584B-BB3F-4EB5-916F-948939029229,0,0,10,015929098,01,00001
9911,28674,308,0,"2019-10-09 10:56:01.063","2019-10-09 11:30:22.590",0,0,F3093453-0D4E-4DE4-8DE6-1BD9321EFCEC,0,0,13,015928568,01,00001
9911,28674,308,0,"2019-10-09 10:56:01.063","2019-10-09 11:30:22.590",0,0,F3093453-0D4E-4DE4-8DE6-1BD9321EFCEC,0,0,39,015911915,01,00021
1806,28673,403,0,"2019-10-09 10:56:13.360","2019-10-09 11:29:56.353",0,0,FACA52B4-F94F-4CFF-B33C-5685689AECB3,0,0,06,015928755,01,00001
31976,28669,601,0,"2019-10-09 11:08:06.020","2019-10-09 11:45:59.267",0,0,F3D16F75-F532-40C6-8C2E-BD3FBEBA6437,0,0,25,015916575,01,00009
9911,28789,103,,"2019-10-09 14:37:50.967",,,,9AFC4642-34F2-481B-B142-BE576C663D75,,,02,015930777,01,00001
9633,28788,501,0,"2019-10-09 14:15:16.537","2019-10-09 15:05:26.910",0,0,D748C2B8-6FEB-497C-87A6-DF46A0742991,0,0,25,015930913,01,00009
2121,28731,114,,"2019-10-09 12:21:26.040",,,,00458863-54DF-4563-9B17-FC473DC0B17D,,,01,015930114,01,00001
2121,28670,115,,"2019-10-09 13:53:23.783",,,,962B0050-4A0F-4131-8FAE-B6D0B2DB9982,,,09,015929231,01,00003
10235,28710,602,1,"2019-10-09 11:49:24.393","2019-10-09 13:06:59.737",0,0,0DD7C714-A24A-4376-A838-FD4A5B2412B6,0,0,07,015929558,01,00004
9911,28667,501,0,"2019-10-09 11:30:31.777","2019-10-09 12:29:13.803",0,0,74048EC8-07BD-4CFF-A947-DA994E93AA54,0,0,04,015929180,01,00001
10235,28710,602,1,"2019-10-09 11:49:24.393","2019-10-09 13:06:59.737",0,0,0DD7C714-A24A-4376-A838-FD4A5B2412B6,0,0,35,015929569,01,00002
9911,28667,501,0,"2019-10-09 11:30:31.777","2019-10-09 12:29:13.803",0,0,74048EC8-07BD-4CFF-A947-DA994E93AA54,0,0,19,015928707,01,00002
9911,28716,306,0,"2019-10-09 13:49:56.690","2019-10-09 14:37:43.717",0,0,B41ED604-D213-452C-9431-84ACC866ECCB,0,0,39,015912027,01,00019
28792,28717,408,0,"2019-10-09 12:04:48.627","2019-10-09 13:43:05.377",0,0,9B121488-28F9-44BB-BBE7-F262C86CC78E,0,0,37,015930006,09,00001
1438,28672,103,0,"2019-10-09 12:01:05.937","2019-10-09 12:42:55.267",0,0,B224AD0F-2BA8-4410-908A-BC1D8D7958CD,0,0,37,015911903,01,00013
1806,28673,403,0,"2019-10-09 10:56:13.360","2019-10-09 11:29:56.353",0,0,FACA52B4-F94F-4CFF-B33C-5685689AECB3,0,0,05,015928724,01,00001
10235,28732,108,,"2019-10-09 13:07:30.173",,,,949CEF84-3278-4299-82E1-6338A483815C,,,17,015929701,01,00003
9633,28711,701,0,"2019-10-09 13:37:21.117","2019-10-09 14:14:42.897",0,0,45EB584B-BB3F-4EB5-916F-948939029229,0,0,06,015929709,01,00001
10235,28732,108,,"2019-10-09 13:07:30.173",,,,949CEF84-3278-4299-82E1-6338A483815C,,,25,015930037,01,00005
1397,28671,101,0,"2019-10-09 12:01:35.717","2019-10-09 13:42:19.210",0,0,C9947C7D-3F1F-4B54-B9DC-313C7EF29385,0,0,29,015916660,01,00033
9633,28711,701,0,"2019-10-09 13:37:21.117","2019-10-09 14:14:42.897",0,0,45EB584B-BB3F-4EB5-916F-948939029229,0,0,27,015929101,01,00001
10155,28706,505,0,"2019-10-09 12:14:48.137","2019-10-09 13:45:34.450",0,0,A02498B0-2816-49D0-A79D-586FB9891748,0,0,03,015929622,01,00001
4020,28708,111,0,"2019-10-09 11:59:49.170","2019-10-09 12:26:59.540",0,0,6565FE47-CCAD-49AA-8017-003CCFFD6179,0,0,06,015929483,01,00003
28792,28717,408,0,"2019-10-09 12:04:48.627","2019-10-09 13:43:05.377",0,0,9B121488-28F9-44BB-BBE7-F262C86CC78E,0,0,35,015929995,02,00001
10155,28779,702,,"2019-10-09 14:42:48.400",,,,1F746BF8-F13F-49DD-AD85-BA6A84517354,,,11,015930597,01,00001
10155,28779,702,,"2019-10-09 14:42:48.400",,,,1F746BF8-F13F-49DD-AD85-BA6A84517354,,,04,015930556,01,00001
2121,28670,115,,"2019-10-09 13:53:23.783",,,,962B0050-4A0F-4131-8FAE-B6D0B2DB9982,,,07,015928858,01,00001
10235,28732,108,,"2019-10-09 13:07:30.173",,,,949CEF84-3278-4299-82E1-6338A483815C,,,39,015930190,01,00001
9633,28711,701,0,"2019-10-09 13:37:21.117","2019-10-09 14:14:42.897",0,0,45EB584B-BB3F-4EB5-916F-948939029229,0,0,12,015929103,01,00001
31976,28766,308,0,"2019-10-09 13:57:46.993","2019-10-09 14:42:11.610",0,0,8158AB51-467E-47FE-9D1C-54D09E934B0D,0,0,33,015929730,02,00001
28891,28747,601,,"2019-10-09 14:31:44.540",,,,CEEBED59-684F-408C-A371-72DE90740E35,,,27,015929750,03,00001
28792,28747,601,0,"2019-10-09 13:11:19.110","2019-10-09 14:31:26.633",0,0,07BC50FB-AEFF-403A-AAD9-F583C3EFA4BD,0,0,27,015929750,03,00001
1438,28672,103,0,"2019-10-09 12:01:05.937","2019-10-09 12:42:55.267",0,0,B224AD0F-2BA8-4410-908A-BC1D8D7958CD,0,0,11,015929120,01,00001
31976,28669,601,0,"2019-10-09 11:08:06.020","2019-10-09 11:45:59.267",0,0,F3D16F75-F532-40C6-8C2E-BD3FBEBA6437,0,0,37,015916498,01,00104
10155,28779,702,,"2019-10-09 14:42:48.400",,,,1F746BF8-F13F-49DD-AD85-BA6A84517354,,,25,015930577,01,00003
31976,28668,603,0,"2019-10-09 11:46:57.170","2019-10-09 13:56:54.647",0,0,98A54BCD-3018-42BF-B43D-CAF08A0EE6D8,1,0,02,015929402,01,00001
10155,28767,403,0,"2019-10-09 13:46:55.847","2019-10-09 14:41:07.507",0,0,9E3AB940-D477-4B30-9F29-15F0BB9F295C,0,0,12,015930127,02,00001
10155,28706,505,0,"2019-10-09 12:14:48.137","2019-10-09 13:45:34.450",0,0,A02498B0-2816-49D0-A79D-586FB9891748,0,0,01,015929562,01,00001
31976,28778,105,,"2019-10-09 14:43:23.463",,,,A0288D6A-BE5B-4A88-9445-C069B94BB132,,,37,015930571,01,00002
28792,28717,408,0,"2019-10-09 12:04:48.627","2019-10-09 13:43:05.377",0,0,9B121488-28F9-44BB-BBE7-F262C86CC78E,0,0,02,015929620,01,00001
28792,28717,408,0,"2019-10-09 12:04:48.627","2019-10-09 13:43:05.377",0,0,9B121488-28F9-44BB-BBE7-F262C86CC78E,0,0,18,015929676,02,00001
10155,28779,702,,"2019-10-09 14:42:48.400",,,,1F746BF8-F13F-49DD-AD85-BA6A84517354,,,05,015930559,01,00001
9911,28674,308,0,"2019-10-09 10:56:01.063","2019-10-09 11:30:22.590",0,0,F3093453-0D4E-4DE4-8DE6-1BD9321EFCEC,0,0,09,015916535,01,00009
10235,28732,108,,"2019-10-09 13:07:30.173",,,,949CEF84-3278-4299-82E1-6338A483815C,,,02,015929119,01,00003
10155,28706,505,0,"2019-10-09 12:14:48.137","2019-10-09 13:45:34.450",0,0,A02498B0-2816-49D0-A79D-586FB9891748,0,0,31,015929645,01,00001
31976,28778,105,,"2019-10-09 14:43:23.463",,,,A0288D6A-BE5B-4A88-9445-C069B94BB132,,,02,015930479,01,00001
4020,28733,110,0,"2019-10-09 13:00:40.690","2019-10-09 13:36:51.877",0,0,A553DE03-1E62-4C33-9E6A-F76802C2C771,0,0,21,015930188,01,00001
1397,28671,101,0,"2019-10-09 12:01:35.717","2019-10-09 13:42:19.210",0,0,C9947C7D-3F1F-4B54-B9DC-313C7EF29385,0,0,21,015928908,01,00001
28891,28730,106,0,"2019-10-09 12:04:00.040","2019-10-09 13:54:04.800",0,0,E6CC0D57-DB1C-45E6-BECF-B10DA234385E,0,0,25,015911852,01,00033
31976,28778,105,,"2019-10-09 14:43:23.463",,,,A0288D6A-BE5B-4A88-9445-C069B94BB132,,,11,015930485,01,00002
31976,28668,603,0,"2019-10-09 11:46:57.170","2019-10-09 13:56:54.647",0,0,98A54BCD-3018-42BF-B43D-CAF08A0EE6D8,1,0,37,015929183,01,00001
1438,28714,304,0,"2019-10-09 12:43:02.923","2019-10-09 13:36:45.890",0,0,F744EFB2-A030-4168-B23E-2298D7628BA8,0,0,19,015929290,01,00002
9911,28716,306,0,"2019-10-09 13:49:56.690","2019-10-09 14:37:43.717",0,0,B41ED604-D213-452C-9431-84ACC866ECCB,0,0,13,015930022,01,00003
9911,28674,308,0,"2019-10-09 10:56:01.063","2019-10-09 11:30:22.590",0,0,F3093453-0D4E-4DE4-8DE6-1BD9321EFCEC,0,0,02,015929077,02,00001
10155,28767,403,0,"2019-10-09 13:46:55.847","2019-10-09 14:41:07.507",0,0,9E3AB940-D477-4B30-9F29-15F0BB9F295C,0,0,18,015929732,02,00001
28891,28747,601,,"2019-10-09 14:31:44.540",,,,CEEBED59-684F-408C-A371-72DE90740E35,,,01,015929852,02,00001
28792,28747,601,0,"2019-10-09 13:11:19.110","2019-10-09 14:31:26.633",0,0,07BC50FB-AEFF-403A-AAD9-F583C3EFA4BD,0,0,01,015929852,02,00001
10155,28779,702,,"2019-10-09 14:42:48.400",,,,1F746BF8-F13F-49DD-AD85-BA6A84517354,,,33,015930536,02,00001
9633,28707,604,0,"2019-10-09 11:31:45.107","2019-10-09 12:08:26.473",0,0,F1BE8EA0-A986-434B-BDE8-C85EA203C61B,0,0,03,015929563,01,00001
28792,28717,408,0,"2019-10-09 12:04:48.627","2019-10-09 13:43:05.377",0,0,9B121488-28F9-44BB-BBE7-F262C86CC78E,0,0,01,015929451,01,00002
9911,28789,103,,"2019-10-09 14:37:50.967",,,,9AFC4642-34F2-481B-B142-BE576C663D75,,,39,015930703,02,00001
9911,28674,308,0,"2019-10-09 10:56:01.063","2019-10-09 11:30:22.590",0,0,F3093453-0D4E-4DE4-8DE6-1BD9321EFCEC,0,0,01,015929080,02,00001
4020,28709,502,0,"2019-10-09 11:12:59.307","2019-10-09 11:40:02.250",0,0,E9842627-5FA4-4D85-A0F4-C229957B5E25,0,0,31,015929486,01,00001
4020,28733,110,0,"2019-10-09 13:00:40.690","2019-10-09 13:36:51.877",0,0,A553DE03-1E62-4C33-9E6A-F76802C2C771,0,0,15,015930207,01,00009
1397,28671,101,0,"2019-10-09 12:01:35.717","2019-10-09 13:42:19.210",0,0,C9947C7D-3F1F-4B54-B9DC-313C7EF29385,0,0,37,015928604,01,00003
1397,28671,101,0,"2019-10-09 12:01:35.717","2019-10-09 13:42:19.210",0,0,C9947C7D-3F1F-4B54-B9DC-313C7EF29385,0,0,13,015911820,01,00001
10155,28706,505,0,"2019-10-09 12:14:48.137","2019-10-09 13:45:34.450",0,0,A02498B0-2816-49D0-A79D-586FB9891748,0,0,35,015929484,01,00001
9911,28789,103,,"2019-10-09 14:37:50.967",,,,9AFC4642-34F2-481B-B142-BE576C663D75,,,35,015930806,01,00007
4020,28709,502,0,"2019-10-09 11:12:59.307","2019-10-09 11:40:02.250",0,0,E9842627-5FA4-4D85-A0F4-C229957B5E25,0,0,16,015929541,01,00002
1438,28714,304,0,"2019-10-09 12:43:02.923","2019-10-09 13:36:45.890",0,0,F744EFB2-A030-4168-B23E-2298D7628BA8,0,0,03,015929871,03,00001
28891,28747,601,,"2019-10-09 14:31:44.540",,,,CEEBED59-684F-408C-A371-72DE90740E35,,,09,015930218,01,00001
28792,28747,601,0,"2019-10-09 13:11:19.110","2019-10-09 14:31:26.633",0,0,07BC50FB-AEFF-403A-AAD9-F583C3EFA4BD,0,0,09,015930218,01,00001
2121,28670,115,,"2019-10-09 13:53:23.783",,,,962B0050-4A0F-4131-8FAE-B6D0B2DB9982,,,37,015928787,01,00001
4020,28733,110,0,"2019-10-09 13:00:40.690","2019-10-09 13:36:51.877",0,0,A553DE03-1E62-4C33-9E6A-F76802C2C771,0,0,09,015929892,06,00001
1806,28673,403,0,"2019-10-09 10:56:13.360","2019-10-09 11:29:56.353",0,0,FACA52B4-F94F-4CFF-B33C-5685689AECB3,0,0,40,015929364,01,00002
28792,28717,408,0,"2019-10-09 12:04:48.627","2019-10-09 13:43:05.377",0,0,9B121488-28F9-44BB-BBE7-F262C86CC78E,0,0,19,015929968,01,00001
1397,28671,101,0,"2019-10-09 12:01:35.717","2019-10-09 13:42:19.210",0,0,C9947C7D-3F1F-4B54-B9DC-313C7EF29385,0,0,04,015929216,01,00001
1806,28673,403,0,"2019-10-09 10:56:13.360","2019-10-09 11:29:56.353",0,0,FACA52B4-F94F-4CFF-B33C-5685689AECB3,0,0,18,015929081,02,00001
31976,28766,308,0,"2019-10-09 13:57:46.993","2019-10-09 14:42:11.610",0,0,8158AB51-467E-47FE-9D1C-54D09E934B0D,0,0,25,015929724,02,00001
2121,28731,114,,"2019-10-09 12:21:26.040",,,,00458863-54DF-4563-9B17-FC473DC0B17D,,,13,015930059,01,00001
31976,28668,603,0,"2019-10-09 11:46:57.170","2019-10-09 13:56:54.647",0,0,98A54BCD-3018-42BF-B43D-CAF08A0EE6D8,1,0,06,015928907,01,00001
28891,28730,106,0,"2019-10-09 12:04:00.040","2019-10-09 13:54:04.800",0,0,E6CC0D57-DB1C-45E6-BECF-B10DA234385E,0,0,29,015912218,01,00022
4020,28709,502,0,"2019-10-09 11:12:59.307","2019-10-09 11:40:02.250",0,0,E9842627-5FA4-4D85-A0F4-C229957B5E25,0,0,11,015929688,02,00001
9633,28788,501,0,"2019-10-09 14:15:16.537","2019-10-09 15:05:26.910",0,0,D748C2B8-6FEB-497C-87A6-DF46A0742991,0,0,03,015930711,01,00001
4020,28709,502,0,"2019-10-09 11:12:59.307","2019-10-09 11:40:02.250",0,0,E9842627-5FA4-4D85-A0F4-C229957B5E25,0,0,04,015929674,01,00001
31976,28668,603,0,"2019-10-09 11:46:57.170","2019-10-09 13:56:54.647",0,0,98A54BCD-3018-42BF-B43D-CAF08A0EE6D8,1,0,09,015928834,01,00005
4020,28709,502,0,"2019-10-09 11:12:59.307","2019-10-09 11:40:02.250",0,0,E9842627-5FA4-4D85-A0F4-C229957B5E25,0,0,37,015928649,01,00001
1438,28714,304,0,"2019-10-09 12:43:02.923","2019-10-09 13:36:45.890",0,0,F744EFB2-A030-4168-B23E-2298D7628BA8,0,0,17,015929290,01,00001
1397,28671,101,0,"2019-10-09 12:01:35.717","2019-10-09 13:42:19.210",0,0,C9947C7D-3F1F-4B54-B9DC-313C7EF29385,0,0,33,015929131,01,00005
4020,28733,110,0,"2019-10-09 13:00:40.690","2019-10-09 13:36:51.877",0,0,A553DE03-1E62-4C33-9E6A-F76802C2C771,0,0,11,015930196,01,00001
4020,28709,502,0,"2019-10-09 11:12:59.307","2019-10-09 11:40:02.250",0,0,E9842627-5FA4-4D85-A0F4-C229957B5E25,0,0,12,015929590,01,00003
2121,28731,114,,"2019-10-09 12:21:26.040",,,,00458863-54DF-4563-9B17-FC473DC0B17D,,,15,015930064,01,00001
9911,28716,306,0,"2019-10-09 13:49:56.690","2019-10-09 14:37:43.717",0,0,B41ED604-D213-452C-9431-84ACC866ECCB,0,0,03,015929952,01,00001
9633,28788,501,0,"2019-10-09 14:15:16.537","2019-10-09 15:05:26.910",0,0,D748C2B8-6FEB-497C-87A6-DF46A0742991,0,0,01,015930845,01,00001
9911,28789,103,,"2019-10-09 14:37:50.967",,,,9AFC4642-34F2-481B-B142-BE576C663D75,,,37,015930659,01,00002
31976,28778,105,,"2019-10-09 14:43:23.463",,,,A0288D6A-BE5B-4A88-9445-C069B94BB132,,,06,015930506,01,00001
28891,28747,601,,"2019-10-09 14:31:44.540",,,,CEEBED59-684F-408C-A371-72DE90740E35,,,21,015929593,02,00001
28792,28747,601,0,"2019-10-09 13:11:19.110","2019-10-09 14:31:26.633",0,0,07BC50FB-AEFF-403A-AAD9-F583C3EFA4BD,0,0,21,015929593,02,00001
4020,28733,110,0,"2019-10-09 13:00:40.690","2019-10-09 13:36:51.877",0,0,A553DE03-1E62-4C33-9E6A-F76802C2C771,0,0,08,015930210,01,00001
9911,28667,501,0,"2019-10-09 11:30:31.777","2019-10-09 12:29:13.803",0,0,74048EC8-07BD-4CFF-A947-DA994E93AA54,0,0,11,015928631,01,00001
10155,28767,403,0,"2019-10-09 13:46:55.847","2019-10-09 14:41:07.507",0,0,9E3AB940-D477-4B30-9F29-15F0BB9F295C,0,0,32,015930175,02,00001
2121,28670,115,,"2019-10-09 13:53:23.783",,,,962B0050-4A0F-4131-8FAE-B6D0B2DB9982,,,02,015928951,01,00003
1806,28673,403,0,"2019-10-09 10:56:13.360","2019-10-09 11:29:56.353",0,0,FACA52B4-F94F-4CFF-B33C-5685689AECB3,0,0,08,015928803,01,00001
9911,28667,501,0,"2019-10-09 11:30:31.777","2019-10-09 12:29:13.803",0,0,74048EC8-07BD-4CFF-A947-DA994E93AA54,0,0,37,015929390,01,00003
1438,28714,304,0,"2019-10-09 12:43:02.923","2019-10-09 13:36:45.890",0,0,F744EFB2-A030-4168-B23E-2298D7628BA8,0,0,31,015929456,01,00001
28891,28747,601,,"2019-10-09 14:31:44.540",,,,CEEBED59-684F-408C-A371-72DE90740E35,,,04,015930272,01,00001
28792,28747,601,0,"2019-10-09 13:11:19.110","2019-10-09 14:31:26.633",0,0,07BC50FB-AEFF-403A-AAD9-F583C3EFA4BD,0,0,04,015930272,01,00001
4020,28708,111,0,"2019-10-09 11:59:49.170","2019-10-09 12:26:59.540",0,0,6565FE47-CCAD-49AA-8017-003CCFFD6179,0,0,17,015929641,01,00001
10235,28710,602,1,"2019-10-09 11:49:24.393","2019-10-09 13:06:59.737",0,0,0DD7C714-A24A-4376-A838-FD4A5B2412B6,0,0,11,015929534,01,00004
1438,28714,304,0,"2019-10-09 12:43:02.923","2019-10-09 13:36:45.890",0,0,F744EFB2-A030-4168-B23E-2298D7628BA8,0,0,08,015929925,02,00001
28792,28717,408,0,"2019-10-09 12:04:48.627","2019-10-09 13:43:05.377",0,0,9B121488-28F9-44BB-BBE7-F262C86CC78E,0,0,21,015930005,01,00001
1438,28672,103,0,"2019-10-09 12:01:05.937","2019-10-09 12:42:55.267",0,0,B224AD0F-2BA8-4410-908A-BC1D8D7958CD,0,0,29,015916489,01,00004
31976,28778,105,,"2019-10-09 14:43:23.463",,,,A0288D6A-BE5B-4A88-9445-C069B94BB132,,,03,015930488,01,00001
9633,28707,604,0,"2019-10-09 11:31:45.107","2019-10-09 12:08:26.473",0,0,F1BE8EA0-A986-434B-BDE8-C85EA203C61B,0,0,08,015929659,01,00001
31976,28668,603,0,"2019-10-09 11:46:57.170","2019-10-09 13:56:54.647",0,0,98A54BCD-3018-42BF-B43D-CAF08A0EE6D8,1,0,21,015928623,01,00007
28891,28747,601,,"2019-10-09 14:31:44.540",,,,CEEBED59-684F-408C-A371-72DE90740E35,,,29,015930318,02,00001
28792,28747,601,0,"2019-10-09 13:11:19.110","2019-10-09 14:31:26.633",0,0,07BC50FB-AEFF-403A-AAD9-F583C3EFA4BD,0,0,29,015930318,02,00001
10235,28710,602,1,"2019-10-09 11:49:24.393","2019-10-09 13:06:59.737",0,0,0DD7C714-A24A-4376-A838-FD4A5B2412B6,0,0,15,015929598,01,00003
9633,28707,604,0,"2019-10-09 11:31:45.107","2019-10-09 12:08:26.473",0,0,F1BE8EA0-A986-434B-BDE8-C85EA203C61B,0,0,33,015929486,01,00002
9633,28707,604,0,"2019-10-09 11:31:45.107","2019-10-09 12:08:26.473",0,0,F1BE8EA0-A986-434B-BDE8-C85EA203C61B,0,0,04,015929661,01,00001
9633,28707,604,0,"2019-10-09 11:31:45.107","2019-10-09 12:08:26.473",0,0,F1BE8EA0-A986-434B-BDE8-C85EA203C61B,0,0,15,015929496,01,00004
10235,28732,108,,"2019-10-09 13:07:30.173",,,,949CEF84-3278-4299-82E1-6338A483815C,,,35,015930158,01,00002
10155,28767,403,0,"2019-10-09 13:46:55.847","2019-10-09 14:41:07.507",0,0,9E3AB940-D477-4B30-9F29-15F0BB9F295C,0,0,15,015930447,01,00003
9633,28711,701,0,"2019-10-09 13:37:21.117","2019-10-09 14:14:42.897",0,0,45EB584B-BB3F-4EB5-916F-948939029229,0,0,39,015929267,01,00001
4020,28708,111,0,"2019-10-09 11:59:49.170","2019-10-09 12:26:59.540",0,0,6565FE47-CCAD-49AA-8017-003CCFFD6179,0,0,33,015929600,01,00001
4020,28733,110,0,"2019-10-09 13:00:40.690","2019-10-09 13:36:51.877",0,0,A553DE03-1E62-4C33-9E6A-F76802C2C771,0,0,13,015930207,01,00008
10155,28767,403,0,"2019-10-09 13:46:55.847","2019-10-09 14:41:07.507",0,0,9E3AB940-D477-4B30-9F29-15F0BB9F295C,0,0,16,015930462,01,00001
10155,28706,505,0,"2019-10-09 12:14:48.137","2019-10-09 13:45:34.450",0,0,A02498B0-2816-49D0-A79D-586FB9891748,0,0,12,015929840,01,00001
10235,28732,108,,"2019-10-09 13:07:30.173",,,,949CEF84-3278-4299-82E1-6338A483815C,,,29,015930096,01,00001
1806,28673,403,0,"2019-10-09 10:56:13.360","2019-10-09 11:29:56.353",0,0,FACA52B4-F94F-4CFF-B33C-5685689AECB3,0,0,13,015928922,01,00001
10155,28779,702,,"2019-10-09 14:42:48.400",,,,1F746BF8-F13F-49DD-AD85-BA6A84517354,,,36,015930640,01,00001
28792,28717,408,0,"2019-10-09 12:04:48.627","2019-10-09 13:43:05.377",0,0,9B121488-28F9-44BB-BBE7-F262C86CC78E,0,0,39,015930013,02,00001
28792,28717,408,0,"2019-10-09 12:04:48.627","2019-10-09 13:43:05.377",0,0,9B121488-28F9-44BB-BBE7-F262C86CC78E,0,0,23,015930031,01,00001
9633,28788,501,0,"2019-10-09 14:15:16.537","2019-10-09 15:05:26.910",0,0,D748C2B8-6FEB-497C-87A6-DF46A0742991,0,0,27,015930689,01,00001
31976,28766,308,0,"2019-10-09 13:57:46.993","2019-10-09 14:42:11.610",0,0,8158AB51-467E-47FE-9D1C-54D09E934B0D,0,0,15,015930435,01,00001
10155,28767,403,0,"2019-10-09 13:46:55.847","2019-10-09 14:41:07.507",0,0,9E3AB940-D477-4B30-9F29-15F0BB9F295C,0,0,22,015930153,03,00001
4020,28709,502,0,"2019-10-09 11:12:59.307","2019-10-09 11:40:02.250",0,0,E9842627-5FA4-4D85-A0F4-C229957B5E25,0,0,05,015929687,02,00001
2121,28670,115,,"2019-10-09 13:53:23.783",,,,962B0050-4A0F-4131-8FAE-B6D0B2DB9982,,,29,015916461,01,00033
10155,28779,702,,"2019-10-09 14:42:48.400",,,,1F746BF8-F13F-49DD-AD85-BA6A84517354,,,07,015930569,01,00006
31976,28766,308,0,"2019-10-09 13:57:46.993","2019-10-09 14:42:11.610",0,0,8158AB51-467E-47FE-9D1C-54D09E934B0D,0,0,02,015930358,01,00001
1438,28672,103,0,"2019-10-09 12:01:05.937","2019-10-09 12:42:55.267",0,0,B224AD0F-2BA8-4410-908A-BC1D8D7958CD,0,0,13,015916548,01,00013
9911,28716,306,0,"2019-10-09 13:49:56.690","2019-10-09 14:37:43.717",0,0,B41ED604-D213-452C-9431-84ACC866ECCB,0,0,19,015929867,01,00005
10155,28706,505,0,"2019-10-09 12:14:48.137","2019-10-09 13:45:34.450",0,0,A02498B0-2816-49D0-A79D-586FB9891748,0,0,33,015929717,01,00001
9633,28788,501,0,"2019-10-09 14:15:16.537","2019-10-09 15:05:26.910",0,0,D748C2B8-6FEB-497C-87A6-DF46A0742991,0,0,09,015930800,01,00001
4020,28733,110,0,"2019-10-09 13:00:40.690","2019-10-09 13:36:51.877",0,0,A553DE03-1E62-4C33-9E6A-F76802C2C771,0,0,04,015930192,01,00001
10235,28710,602,1,"2019-10-09 11:49:24.393","2019-10-09 13:06:59.737",0,0,0DD7C714-A24A-4376-A838-FD4A5B2412B6,0,0,31,015929473,01,00001
9633,28711,701,0,"2019-10-09 13:37:21.117","2019-10-09 14:14:42.897",0,0,45EB584B-BB3F-4EB5-916F-948939029229,0,0,02,015928884,01,00001
31976,28669,601,0,"2019-10-09 11:08:06.020","2019-10-09 11:45:59.267",0,0,F3D16F75-F532-40C6-8C2E-BD3FBEBA6437,0,0,39,015929068,01,00030
9911,28789,103,,"2019-10-09 14:37:50.967",,,,9AFC4642-34F2-481B-B142-BE576C663D75,,,09,015930790,01,00002
31976,28766,308,0,"2019-10-09 13:57:46.993","2019-10-09 14:42:11.610",0,0,8158AB51-467E-47FE-9D1C-54D09E934B0D,0,0,19,015929722,02,00001
28891,28747,601,,"2019-10-09 14:31:44.540",,,,CEEBED59-684F-408C-A371-72DE90740E35,,,06,015930288,01,00001
28792,28747,601,0,"2019-10-09 13:11:19.110","2019-10-09 14:31:26.633",0,0,07BC50FB-AEFF-403A-AAD9-F583C3EFA4BD,0,0,06,015930288,01,00001
2121,28731,114,,"2019-10-09 12:21:26.040",,,,00458863-54DF-4563-9B17-FC473DC0B17D,,,06,015930134,01,00001
10235,28710,602,1,"2019-10-09 11:49:24.393","2019-10-09 13:06:59.737",0,0,0DD7C714-A24A-4376-A838-FD4A5B2412B6,0,0,08,015929679,01,00001
28792,28717,408,0,"2019-10-09 12:04:48.627","2019-10-09 13:43:05.377",0,0,9B121488-28F9-44BB-BBE7-F262C86CC78E,0,0,27,015929924,02,00001
4020,28708,111,0,"2019-10-09 11:59:49.170","2019-10-09 12:26:59.540",0,0,6565FE47-CCAD-49AA-8017-003CCFFD6179,0,0,11,015929685,01,00001
10235,28710,602,1,"2019-10-09 11:49:24.393","2019-10-09 13:06:59.737",0,0,0DD7C714-A24A-4376-A838-FD4A5B2412B6,0,0,02,015929625,01,00002
10235,28732,108,,"2019-10-09 13:07:30.173",,,,949CEF84-3278-4299-82E1-6338A483815C,,,08,015930166,01,00002
4020,28733,110,0,"2019-10-09 13:00:40.690","2019-10-09 13:36:51.877",0,0,A553DE03-1E62-4C33-9E6A-F76802C2C771,0,0,03,015930187,01,00001
2121,28731,114,,"2019-10-09 12:21:26.040",,,,00458863-54DF-4563-9B17-FC473DC0B17D,,,07,015930139,01,00001
31976,28766,308,0,"2019-10-09 13:57:46.993","2019-10-09 14:42:11.610",0,0,8158AB51-467E-47FE-9D1C-54D09E934B0D,0,0,27,015929725,03,00001
9911,28789,103,,"2019-10-09 14:37:50.967",,,,9AFC4642-34F2-481B-B142-BE576C663D75,,,15,015930766,01,00003
2121,28670,115,,"2019-10-09 13:53:23.783",,,,962B0050-4A0F-4131-8FAE-B6D0B2DB9982,,,17,015928746,01,00001
1438,28672,103,0,"2019-10-09 12:01:05.937","2019-10-09 12:42:55.267",0,0,B224AD0F-2BA8-4410-908A-BC1D8D7958CD,0,0,33,015912234,01,00013
10235,28732,108,,"2019-10-09 13:07:30.173",,,,949CEF84-3278-4299-82E1-6338A483815C,,,07,015930165,01,00001
9911,28667,501,0,"2019-10-09 11:30:31.777","2019-10-09 12:29:13.803",0,0,74048EC8-07BD-4CFF-A947-DA994E93AA54,0,0,10,015929359,01,00002
31976,28766,308,0,"2019-10-09 13:57:46.993","2019-10-09 14:42:11.610",0,0,8158AB51-467E-47FE-9D1C-54D09E934B0D,0,0,08,015930395,01,00001
10235,28732,108,,"2019-10-09 13:07:30.173",,,,949CEF84-3278-4299-82E1-6338A483815C,,,03,015929165,01,00001
2121,28731,114,,"2019-10-09 12:21:26.040",,,,00458863-54DF-4563-9B17-FC473DC0B17D,,,33,015930098,01,00001
1397,28671,101,0,"2019-10-09 12:01:35.717","2019-10-09 13:42:19.210",0,0,C9947C7D-3F1F-4B54-B9DC-313C7EF29385,0,0,02,015929362,01,00001
1397,28671,101,0,"2019-10-09 12:01:35.717","2019-10-09 13:42:19.210",0,0,C9947C7D-3F1F-4B54-B9DC-313C7EF29385,0,0,07,015928675,01,00001
28792,28717,408,0,"2019-10-09 12:04:48.627","2019-10-09 13:43:05.377",0,0,9B121488-28F9-44BB-BBE7-F262C86CC78E,0,0,16,015929969,01,00001
10155,28779,702,,"2019-10-09 14:42:48.400",,,,1F746BF8-F13F-49DD-AD85-BA6A84517354,,,34,015930576,01,00001
4020,28709,502,0,"2019-10-09 11:12:59.307","2019-10-09 11:40:02.250",0,0,E9842627-5FA4-4D85-A0F4-C229957B5E25,0,0,14,015929713,02,00001
10155,28706,505,0,"2019-10-09 12:14:48.137","2019-10-09 13:45:34.450",0,0,A02498B0-2816-49D0-A79D-586FB9891748,0,0,10,015929744,01,00001
4020,28708,111,0,"2019-10-09 11:59:49.170","2019-10-09 12:26:59.540",0,0,6565FE47-CCAD-49AA-8017-003CCFFD6179,0,0,04,015929480,01,00001
10155,28706,505,0,"2019-10-09 12:14:48.137","2019-10-09 13:45:34.450",0,0,A02498B0-2816-49D0-A79D-586FB9891748,0,0,06,015929552,01,00001
2121,28670,115,,"2019-10-09 13:53:23.783",,,,962B0050-4A0F-4131-8FAE-B6D0B2DB9982,,,11,015912170,01,00009
9911,28667,501,0,"2019-10-09 11:30:31.777","2019-10-09 12:29:13.803",0,0,74048EC8-07BD-4CFF-A947-DA994E93AA54,0,0,23,015929234,01,00002
10155,28779,702,,"2019-10-09 14:42:48.400",,,,1F746BF8-F13F-49DD-AD85-BA6A84517354,,,31,015930600,01,00001
9633,28711,701,0,"2019-10-09 13:37:21.117","2019-10-09 14:14:42.897",0,0,45EB584B-BB3F-4EB5-916F-948939029229,0,0,14,015929105,01,00001
4020,28709,502,0,"2019-10-09 11:12:59.307","2019-10-09 11:40:02.250",0,0,E9842627-5FA4-4D85-A0F4-C229957B5E25,0,0,07,015929635,01,00001
31976,28766,308,0,"2019-10-09 13:57:46.993","2019-10-09 14:42:11.610",0,0,8158AB51-467E-47FE-9D1C-54D09E934B0D,0,0,09,015930353,01,00004
1397,28671,101,0,"2019-10-09 12:01:35.717","2019-10-09 13:42:19.210",0,0,C9947C7D-3F1F-4B54-B9DC-313C7EF29385,0,0,01,015929295,01,00013
28792,28717,408,0,"2019-10-09 12:04:48.627","2019-10-09 13:43:05.377",0,0,9B121488-28F9-44BB-BBE7-F262C86CC78E,0,0,15,015929955,01,00002
2121,28670,115,,"2019-10-09 13:53:23.783",,,,962B0050-4A0F-4131-8FAE-B6D0B2DB9982,,,05,015928638,01,00001
4020,28708,111,0,"2019-10-09 11:59:49.170","2019-10-09 12:26:59.540",0,0,6565FE47-CCAD-49AA-8017-003CCFFD6179,0,0,39,015928654,01,00001
28891,28730,106,0,"2019-10-09 12:04:00.040","2019-10-09 13:54:04.800",0,0,E6CC0D57-DB1C-45E6-BECF-B10DA234385E,0,0,03,015930053,01,00001
9633,28711,701,0,"2019-10-09 13:37:21.117","2019-10-09 14:14:42.897",0,0,45EB584B-BB3F-4EB5-916F-948939029229,0,0,34,015929109,01,00001
28792,28717,408,0,"2019-10-09 12:04:48.627","2019-10-09 13:43:05.377",0,0,9B121488-28F9-44BB-BBE7-F262C86CC78E,0,0,10,015929890,01,00001
9633,28788,501,0,"2019-10-09 14:15:16.537","2019-10-09 15:05:26.910",0,0,D748C2B8-6FEB-497C-87A6-DF46A0742991,0,0,06,015930929,01,00001
10155,28779,702,,"2019-10-09 14:42:48.400",,,,1F746BF8-F13F-49DD-AD85-BA6A84517354,,,14,015930624,01,00001
28891,28730,106,0,"2019-10-09 12:04:00.040","2019-10-09 13:54:04.800",0,0,E6CC0D57-DB1C-45E6-BECF-B10DA234385E,0,0,33,015929381,01,00001
2121,28670,115,,"2019-10-09 13:53:23.783",,,,962B0050-4A0F-4131-8FAE-B6D0B2DB9982,,,25,015929300,01,00007
1438,28714,304,0,"2019-10-09 12:43:02.923","2019-10-09 13:36:45.890",0,0,F744EFB2-A030-4168-B23E-2298D7628BA8,0,0,21,015929359,01,00001
31976,28778,105,,"2019-10-09 14:43:23.463",,,,A0288D6A-BE5B-4A88-9445-C069B94BB132,,,17,015930386,01,00002
10155,28706,505,0,"2019-10-09 12:14:48.137","2019-10-09 13:45:34.450",0,0,A02498B0-2816-49D0-A79D-586FB9891748,0,0,19,015929690,01,00008
4020,28708,111,0,"2019-10-09 11:59:49.170","2019-10-09 12:26:59.540",0,0,6565FE47-CCAD-49AA-8017-003CCFFD6179,0,0,25,015911883,01,00048
1397,28671,101,0,"2019-10-09 12:01:35.717","2019-10-09 13:42:19.210",0,0,C9947C7D-3F1F-4B54-B9DC-313C7EF29385,0,0,15,015929170,01,00001
9911,28667,501,0,"2019-10-09 11:30:31.777","2019-10-09 12:29:13.803",0,0,74048EC8-07BD-4CFF-A947-DA994E93AA54,0,0,13,015929203,01,00001
28792,28717,408,0,"2019-10-09 12:04:48.627","2019-10-09 13:43:05.377",0,0,9B121488-28F9-44BB-BBE7-F262C86CC78E,0,0,24,015930032,01,00001
1806,28673,403,0,"2019-10-09 10:56:13.360","2019-10-09 11:29:56.353",0,0,FACA52B4-F94F-4CFF-B33C-5685689AECB3,0,0,17,015929090,03,00001
31976,28766,308,0,"2019-10-09 13:57:46.993","2019-10-09 14:42:11.610",0,0,8158AB51-467E-47FE-9D1C-54D09E934B0D,0,0,11,015930374,01,00001
10155,28767,403,0,"2019-10-09 13:46:55.847","2019-10-09 14:41:07.507",0,0,9E3AB940-D477-4B30-9F29-15F0BB9F295C,0,0,05,015930430,01,00001
9911,28789,103,,"2019-10-09 14:37:50.967",,,,9AFC4642-34F2-481B-B142-BE576C663D75,,,06,015930586,03,00001
